#! /usr/local/bin/vvp
:ivl_version "12.0 (stable)";
:ivl_delay_selection "TYPICAL";
:vpi_time_precision - 12;
:vpi_module "/usr/local/lib/ivl/system.vpi";
:vpi_module "/usr/local/lib/ivl/vhdl_sys.vpi";
:vpi_module "/usr/local/lib/ivl/vhdl_textio.vpi";
:vpi_module "/usr/local/lib/ivl/v2005_math.vpi";
:vpi_module "/usr/local/lib/ivl/va_math.vpi";
:vpi_module "/usr/local/lib/ivl/v2009.vpi";
S_0x346ab2e0 .scope package, "$unit" "$unit" 2 1;
 .timescale 0 0;
S_0x34683790 .scope module, "tb_cache_controller" "tb_cache_controller" 3 3;
 .timescale -9 -12;
v0x347398a0_0 .var "clk", 0 0;
v0x34739990_0 .var "cpu_addr", 31 0;
v0x34739a60_0 .net "cpu_rdata", 31 0, v0x347217b0_0;  1 drivers
v0x34739b60_0 .net "cpu_ready", 0 0, v0x34721890_0;  1 drivers
v0x34739c30_0 .var "cpu_req", 0 0;
v0x34739d20_0 .var "cpu_rw", 0 0;
v0x34739df0_0 .var "cpu_wdata", 31 0;
v0x34739ec0_0 .net "mem_addr", 31 0, v0x3472c4c0_0;  1 drivers
v0x34739f90_0 .var "mem_rdata", 127 0;
v0x3473a0f0_0 .var "mem_ready", 0 0;
v0x3473a1c0_0 .net "mem_req", 0 0, v0x3472c740_0;  1 drivers
v0x3473a290_0 .net "mem_rw", 0 0, v0x3472c800_0;  1 drivers
v0x3473a360_0 .net "mem_wdata", 127 0, v0x3472c8c0_0;  1 drivers
v0x3473a430_0 .var "rst", 0 0;
E_0x34652220 .event posedge, v0x34721450_0;
E_0x34684a20 .event anyedge, v0x34721890_0;
S_0x3467b820 .scope module, "dut" "cache_controller_4way" 3 22, 4 2 0, S_0x34683790;
 .timescale 0 0;
    .port_info 0 /INPUT 1 "clk";
    .port_info 1 /INPUT 1 "rst";
    .port_info 2 /INPUT 1 "cpu_req";
    .port_info 3 /INPUT 1 "cpu_rw";
    .port_info 4 /INPUT 32 "cpu_addr";
    .port_info 5 /INPUT 32 "cpu_wdata";
    .port_info 6 /OUTPUT 1 "cpu_ready";
    .port_info 7 /OUTPUT 32 "cpu_rdata";
    .port_info 8 /OUTPUT 1 "mem_req";
    .port_info 9 /OUTPUT 1 "mem_rw";
    .port_info 10 /OUTPUT 32 "mem_addr";
    .port_info 11 /OUTPUT 128 "mem_wdata";
    .port_info 12 /INPUT 1 "mem_ready";
    .port_info 13 /INPUT 128 "mem_rdata";
P_0x346b5310 .param/l "ALLOCATE" 1 4 27, C4<10>;
P_0x346b5350 .param/l "COMPARE" 1 4 26, C4<01>;
P_0x346b5390 .param/l "IDLE" 1 4 25, C4<00>;
P_0x346b53d0 .param/l "SETS" 1 4 19, +C4<00000000000000000000000100000000>;
P_0x346b5410 .param/l "WRITE_BACK" 1 4 28, C4<11>;
L_0x3473ad60 .functor AND 1, L_0x3473a7d0, L_0x3473abd0, C4<1>, C4<1>;
L_0x3473b2c0 .functor AND 1, L_0x3473ae70, L_0x3473b970, C4<1>, C4<1>;
L_0x3473bed0 .functor AND 1, L_0x3473bb00, L_0x3473c560, C4<1>, C4<1>;
L_0x3474eca0 .functor AND 1, L_0x3473c2f0, L_0x3474eef0, C4<1>, C4<1>;
L_0x3474f3d0 .functor OR 1, L_0x3473ad60, L_0x3473b2c0, C4<0>, C4<0>;
L_0x3474f4e0 .functor OR 1, L_0x3474f3d0, L_0x3473bed0, C4<0>, C4<0>;
L_0x3474f5f0 .functor OR 1, L_0x3474f4e0, L_0x3474eca0, C4<0>, C4<0>;
L_0x34760670 .functor BUFZ 128, L_0x3474fd00, C4<00000000000000000000000000000000000000000000000000000000000000000000000000000000000000000000000000000000000000000000000000000000>, C4<00000000000000000000000000000000000000000000000000000000000000000000000000000000000000000000000000000000000000000000000000000000>, C4<00000000000000000000000000000000000000000000000000000000000000000000000000000000000000000000000000000000000000000000000000000000>;
L_0x34760fd0 .functor BUFZ 1, L_0x34760780, C4<0>, C4<0>, C4<0>;
v0x346ff2b0_0 .net *"_ivl_102", 0 0, L_0x3473c2f0;  1 drivers
v0x3471c050_0 .net *"_ivl_106", 9 0, L_0x3473c7c0;  1 drivers
L_0x7fb2a07db2e8 .functor BUFT 1, C4<00>, C4<0>, C4<0>, C4<0>;
v0x3471c130_0 .net *"_ivl_109", 1 0, L_0x7fb2a07db2e8;  1 drivers
L_0x7fb2a07db018 .functor BUFT 1, C4<00>, C4<0>, C4<0>, C4<0>;
v0x3471c220_0 .net *"_ivl_11", 1 0, L_0x7fb2a07db018;  1 drivers
L_0x7fb2a07db9f0 .functor BUFT 1, C4<001100000000>, C4<0>, C4<0>, C4<0>;
v0x3471c300_0 .net/2u *"_ivl_113", 11 0, L_0x7fb2a07db9f0;  1 drivers
L_0x7fb2a07db330 .functor BUFT 1, C4<00>, C4<0>, C4<0>, C4<0>;
v0x3471c430_0 .net *"_ivl_116", 1 0, L_0x7fb2a07db330;  1 drivers
v0x3471c510_0 .net *"_ivl_117", 11 0, L_0x3473c6e0;  1 drivers
v0x3471c5f0_0 .net *"_ivl_118", 11 0, L_0x3474ec00;  1 drivers
v0x3471c6d0_0 .net *"_ivl_12", 19 0, L_0x3473a9f0;  1 drivers
v0x3471c840_0 .net *"_ivl_120", 19 0, L_0x3474edb0;  1 drivers
v0x3471c920_0 .net *"_ivl_124", 9 0, L_0x3474ee50;  1 drivers
L_0x7fb2a07db378 .functor BUFT 1, C4<00>, C4<0>, C4<0>, C4<0>;
v0x3471ca00_0 .net *"_ivl_127", 1 0, L_0x7fb2a07db378;  1 drivers
L_0x7fb2a07dba38 .functor BUFT 1, C4<001100000000>, C4<0>, C4<0>, C4<0>;
v0x3471cae0_0 .net/2u *"_ivl_131", 11 0, L_0x7fb2a07dba38;  1 drivers
L_0x7fb2a07db3c0 .functor BUFT 1, C4<00>, C4<0>, C4<0>, C4<0>;
v0x3471cbc0_0 .net *"_ivl_134", 1 0, L_0x7fb2a07db3c0;  1 drivers
v0x3471cca0_0 .net *"_ivl_135", 11 0, L_0x3473c9c0;  1 drivers
v0x3471cd80_0 .net *"_ivl_136", 11 0, L_0x3474f0a0;  1 drivers
v0x3471ce60_0 .net *"_ivl_138", 0 0, L_0x3474eef0;  1 drivers
v0x3471d010_0 .net *"_ivl_14", 9 0, L_0x3473aa90;  1 drivers
v0x3471d0f0_0 .net *"_ivl_142", 0 0, L_0x3474f3d0;  1 drivers
v0x3471d1d0_0 .net *"_ivl_144", 0 0, L_0x3474f4e0;  1 drivers
L_0x7fb2a07db408 .functor BUFT 1, C4<000>, C4<0>, C4<0>, C4<0>;
v0x3471d2b0_0 .net/2s *"_ivl_148", 2 0, L_0x7fb2a07db408;  1 drivers
L_0x7fb2a07db450 .functor BUFT 1, C4<001>, C4<0>, C4<0>, C4<0>;
v0x3471d390_0 .net/2s *"_ivl_150", 2 0, L_0x7fb2a07db450;  1 drivers
L_0x7fb2a07db498 .functor BUFT 1, C4<010>, C4<0>, C4<0>, C4<0>;
v0x3471d470_0 .net/2s *"_ivl_152", 2 0, L_0x7fb2a07db498;  1 drivers
L_0x7fb2a07db4e0 .functor BUFT 1, C4<011>, C4<0>, C4<0>, C4<0>;
v0x3471d550_0 .net/2s *"_ivl_154", 2 0, L_0x7fb2a07db4e0;  1 drivers
v0x3471d630_0 .net *"_ivl_156", 2 0, L_0x3474f810;  1 drivers
v0x3471d710_0 .net *"_ivl_158", 2 0, L_0x3474f260;  1 drivers
v0x3471d7f0_0 .net *"_ivl_160", 2 0, L_0x3474fa80;  1 drivers
v0x3471d8d0_0 .net *"_ivl_164", 127 0, L_0x3474fd00;  1 drivers
v0x3471d9b0_0 .net *"_ivl_166", 12 0, L_0x3474fb20;  1 drivers
L_0x7fb2a07db528 .functor BUFT 1, C4<00000000000>, C4<0>, C4<0>, C4<0>;
v0x3471da90_0 .net *"_ivl_169", 10 0, L_0x7fb2a07db528;  1 drivers
L_0x7fb2a07db060 .functor BUFT 1, C4<00>, C4<0>, C4<0>, C4<0>;
v0x3471db70_0 .net *"_ivl_17", 1 0, L_0x7fb2a07db060;  1 drivers
v0x3471dc50_0 .net *"_ivl_170", 20 0, L_0x3475ff00;  1 drivers
L_0x7fb2a07db570 .functor BUFT 1, C4<00000000>, C4<0>, C4<0>, C4<0>;
v0x3471dd30_0 .net *"_ivl_173", 7 0, L_0x7fb2a07db570;  1 drivers
L_0x7fb2a07db5b8 .functor BUFT 1, C4<000000000000100000000>, C4<0>, C4<0>, C4<0>;
v0x3471cf00_0 .net/2u *"_ivl_174", 20 0, L_0x7fb2a07db5b8;  1 drivers
v0x3471dfe0_0 .net *"_ivl_177", 20 0, L_0x3474fda0;  1 drivers
v0x3471e0c0_0 .net *"_ivl_178", 9 0, L_0x34760100;  1 drivers
v0x3471e1a0_0 .net *"_ivl_18", 0 0, L_0x3473abd0;  1 drivers
L_0x7fb2a07db600 .functor BUFT 1, C4<00>, C4<0>, C4<0>, C4<0>;
v0x3471e260_0 .net *"_ivl_181", 1 0, L_0x7fb2a07db600;  1 drivers
L_0x7fb2a07db648 .functor BUFT 1, C4<0>, C4<0>, C4<0>, C4<0>;
v0x3471e340_0 .net *"_ivl_184", 0 0, L_0x7fb2a07db648;  1 drivers
v0x3471e420_0 .net *"_ivl_185", 21 0, L_0x3475ffa0;  1 drivers
L_0x7fb2a07db690 .functor BUFT 1, C4<000000000000>, C4<0>, C4<0>, C4<0>;
v0x3471e500_0 .net *"_ivl_188", 11 0, L_0x7fb2a07db690;  1 drivers
v0x3471e5e0_0 .net *"_ivl_189", 21 0, L_0x34760310;  1 drivers
v0x3471e6c0_0 .net *"_ivl_190", 21 0, L_0x347601f0;  1 drivers
v0x3471e7a0_0 .net *"_ivl_194", 0 0, L_0x34760780;  1 drivers
v0x3471e880_0 .net *"_ivl_196", 1 0, L_0x34760400;  1 drivers
v0x3471e960_0 .net *"_ivl_198", 9 0, L_0x347604a0;  1 drivers
L_0x7fb2a07db6d8 .functor BUFT 1, C4<00>, C4<0>, C4<0>, C4<0>;
v0x3471ea40_0 .net *"_ivl_201", 1 0, L_0x7fb2a07db6d8;  1 drivers
v0x3471eb20_0 .net *"_ivl_202", 12 0, L_0x34760870;  1 drivers
L_0x7fb2a07db720 .functor BUFT 1, C4<00000000000>, C4<0>, C4<0>, C4<0>;
v0x3471ec00_0 .net *"_ivl_205", 10 0, L_0x7fb2a07db720;  1 drivers
v0x3471ece0_0 .net *"_ivl_206", 20 0, L_0x34760ba0;  1 drivers
L_0x7fb2a07db768 .functor BUFT 1, C4<00000000>, C4<0>, C4<0>, C4<0>;
v0x3471edc0_0 .net *"_ivl_209", 7 0, L_0x7fb2a07db768;  1 drivers
L_0x7fb2a07db7b0 .functor BUFT 1, C4<000000000000100000000>, C4<0>, C4<0>, C4<0>;
v0x3471eea0_0 .net/2u *"_ivl_210", 20 0, L_0x7fb2a07db7b0;  1 drivers
v0x3471ef80_0 .net *"_ivl_213", 20 0, L_0x34760a50;  1 drivers
v0x3471f060_0 .net *"_ivl_214", 9 0, L_0x34760e40;  1 drivers
L_0x7fb2a07db7f8 .functor BUFT 1, C4<00>, C4<0>, C4<0>, C4<0>;
v0x3471f140_0 .net *"_ivl_217", 1 0, L_0x7fb2a07db7f8;  1 drivers
v0x3471f220_0 .net *"_ivl_22", 0 0, L_0x3473ae70;  1 drivers
L_0x7fb2a07db840 .functor BUFT 1, C4<0>, C4<0>, C4<0>, C4<0>;
v0x3471f300_0 .net *"_ivl_220", 0 0, L_0x7fb2a07db840;  1 drivers
v0x3471f3e0_0 .net *"_ivl_221", 21 0, L_0x34760ce0;  1 drivers
L_0x7fb2a07db888 .functor BUFT 1, C4<000000000000>, C4<0>, C4<0>, C4<0>;
v0x3471f4c0_0 .net *"_ivl_224", 11 0, L_0x7fb2a07db888;  1 drivers
v0x3471f5a0_0 .net *"_ivl_225", 21 0, L_0x347610a0;  1 drivers
v0x3471f680_0 .net *"_ivl_226", 21 0, L_0x34760f30;  1 drivers
v0x3471f760_0 .net *"_ivl_26", 9 0, L_0x3473af10;  1 drivers
L_0x7fb2a07db0a8 .functor BUFT 1, C4<00>, C4<0>, C4<0>, C4<0>;
v0x3471f840_0 .net *"_ivl_29", 1 0, L_0x7fb2a07db0a8;  1 drivers
L_0x7fb2a07db8d0 .functor BUFT 1, C4<00100000000>, C4<0>, C4<0>, C4<0>;
v0x3471f920_0 .net/2u *"_ivl_33", 10 0, L_0x7fb2a07db8d0;  1 drivers
L_0x7fb2a07db0f0 .functor BUFT 1, C4<0>, C4<0>, C4<0>, C4<0>;
v0x3471fa00_0 .net *"_ivl_36", 0 0, L_0x7fb2a07db0f0;  1 drivers
v0x3471ddd0_0 .net *"_ivl_37", 10 0, L_0x3473b0d0;  1 drivers
v0x3471deb0_0 .net *"_ivl_38", 10 0, L_0x3473b1f0;  1 drivers
v0x3471feb0_0 .net *"_ivl_40", 19 0, L_0x3473b3d0;  1 drivers
v0x3471ff90_0 .net *"_ivl_44", 9 0, L_0x3473b470;  1 drivers
L_0x7fb2a07db138 .functor BUFT 1, C4<00>, C4<0>, C4<0>, C4<0>;
v0x34720070_0 .net *"_ivl_47", 1 0, L_0x7fb2a07db138;  1 drivers
L_0x7fb2a07db918 .functor BUFT 1, C4<00100000000>, C4<0>, C4<0>, C4<0>;
v0x34720150_0 .net/2u *"_ivl_51", 10 0, L_0x7fb2a07db918;  1 drivers
L_0x7fb2a07db180 .functor BUFT 1, C4<0>, C4<0>, C4<0>, C4<0>;
v0x34720230_0 .net *"_ivl_54", 0 0, L_0x7fb2a07db180;  1 drivers
v0x34720310_0 .net *"_ivl_55", 10 0, L_0x3473b630;  1 drivers
v0x347203f0_0 .net *"_ivl_56", 10 0, L_0x3473b770;  1 drivers
v0x347204d0_0 .net *"_ivl_58", 0 0, L_0x3473b970;  1 drivers
v0x34720590_0 .net *"_ivl_6", 0 0, L_0x3473a7d0;  1 drivers
v0x34720670_0 .net *"_ivl_62", 0 0, L_0x3473bb00;  1 drivers
v0x34720750_0 .net *"_ivl_66", 9 0, L_0x3473bc40;  1 drivers
L_0x7fb2a07db1c8 .functor BUFT 1, C4<00>, C4<0>, C4<0>, C4<0>;
v0x34720830_0 .net *"_ivl_69", 1 0, L_0x7fb2a07db1c8;  1 drivers
L_0x7fb2a07db960 .functor BUFT 1, C4<001000000000>, C4<0>, C4<0>, C4<0>;
v0x34720910_0 .net/2u *"_ivl_73", 11 0, L_0x7fb2a07db960;  1 drivers
L_0x7fb2a07db210 .functor BUFT 1, C4<00>, C4<0>, C4<0>, C4<0>;
v0x347209f0_0 .net *"_ivl_76", 1 0, L_0x7fb2a07db210;  1 drivers
v0x34720ad0_0 .net *"_ivl_77", 11 0, L_0x3473bd30;  1 drivers
v0x34720bb0_0 .net *"_ivl_78", 11 0, L_0x3473bba0;  1 drivers
v0x34720c90_0 .net *"_ivl_8", 9 0, L_0x3473a900;  1 drivers
v0x34720d70_0 .net *"_ivl_80", 19 0, L_0x3473bfe0;  1 drivers
v0x34720e50_0 .net *"_ivl_84", 9 0, L_0x3473be20;  1 drivers
L_0x7fb2a07db258 .functor BUFT 1, C4<00>, C4<0>, C4<0>, C4<0>;
v0x34720f30_0 .net *"_ivl_87", 1 0, L_0x7fb2a07db258;  1 drivers
L_0x7fb2a07db9a8 .functor BUFT 1, C4<001000000000>, C4<0>, C4<0>, C4<0>;
v0x34721010_0 .net/2u *"_ivl_91", 11 0, L_0x7fb2a07db9a8;  1 drivers
L_0x7fb2a07db2a0 .functor BUFT 1, C4<00>, C4<0>, C4<0>, C4<0>;
v0x347210f0_0 .net *"_ivl_94", 1 0, L_0x7fb2a07db2a0;  1 drivers
v0x347211d0_0 .net *"_ivl_95", 11 0, L_0x3473c250;  1 drivers
v0x347212b0_0 .net *"_ivl_96", 11 0, L_0x3473c3c0;  1 drivers
v0x34721390_0 .net *"_ivl_98", 0 0, L_0x3473c560;  1 drivers
v0x34721450_0 .net "clk", 0 0, v0x347398a0_0;  1 drivers
v0x34721510_0 .net "cpu_addr", 31 0, v0x34739990_0;  1 drivers
v0x347215f0_0 .net "cpu_index", 7 0, L_0x3473a5d0;  1 drivers
v0x347216d0_0 .net "cpu_offset", 3 0, L_0x3473a670;  1 drivers
v0x347217b0_0 .var "cpu_rdata", 31 0;
v0x34721890_0 .var "cpu_ready", 0 0;
v0x34721950_0 .net "cpu_req", 0 0, v0x34739c30_0;  1 drivers
v0x34721a10_0 .net "cpu_rw", 0 0, v0x34739d20_0;  1 drivers
v0x34721ad0_0 .net "cpu_tag", 19 0, L_0x3473a500;  1 drivers
v0x34721bb0_0 .net "cpu_wdata", 31 0, v0x34739df0_0;  1 drivers
v0x34721c90 .array "data_array", 1023 0, 127 0;
v0x3472bd00_0 .net "dirty", 0 0, L_0x34760fd0;  1 drivers
v0x3472bdc0 .array "dirty_array", 1023 0, 0 0;
v0x3472be60_0 .net "hit", 0 0, L_0x3474f5f0;  1 drivers
v0x3472bf20_0 .net "hit0", 0 0, L_0x3473ad60;  1 drivers
v0x3472bfe0_0 .net "hit1", 0 0, L_0x3473b2c0;  1 drivers
v0x3472c0a0_0 .net "hit2", 0 0, L_0x3473bed0;  1 drivers
v0x3472c160_0 .net "hit3", 0 0, L_0x3474eca0;  1 drivers
v0x3472c220_0 .net "hit_block", 127 0, L_0x34760670;  1 drivers
v0x3472c300_0 .net "hit_way", 1 0, L_0x3474fc60;  1 drivers
v0x3472c3e0_0 .var/i "i", 31 0;
v0x3472c4c0_0 .var "mem_addr", 31 0;
v0x3472c5a0_0 .net "mem_rdata", 127 0, v0x34739f90_0;  1 drivers
v0x3472c680_0 .net "mem_ready", 0 0, v0x3473a0f0_0;  1 drivers
v0x3472c740_0 .var "mem_req", 0 0;
v0x3472c800_0 .var "mem_rw", 0 0;
v0x3472c8c0_0 .var "mem_wdata", 127 0;
v0x3472c9a0_0 .var "next_state", 1 0;
v0x3472ca80 .array "rr_ptr", 255 0, 1 0;
v0x3472f350_0 .net "rst", 0 0, v0x3473a430_0;  1 drivers
v0x3472f410_0 .var "state", 1 0;
v0x3472f4f0 .array "tag_array", 1023 0, 19 0;
v0x347395c0 .array "valid_array", 1023 0, 0 0;
E_0x34680000/0 .event anyedge, v0x3472f410_0, v0x34721950_0, v0x3472be60_0, v0x3472bd00_0;
v0x3472ca80_0 .array/port v0x3472ca80, 0;
v0x3472ca80_1 .array/port v0x3472ca80, 1;
v0x3472ca80_2 .array/port v0x3472ca80, 2;
E_0x34680000/1 .event anyedge, v0x347215f0_0, v0x3472ca80_0, v0x3472ca80_1, v0x3472ca80_2;
v0x3472ca80_3 .array/port v0x3472ca80, 3;
v0x3472ca80_4 .array/port v0x3472ca80, 4;
v0x3472ca80_5 .array/port v0x3472ca80, 5;
v0x3472ca80_6 .array/port v0x3472ca80, 6;
E_0x34680000/2 .event anyedge, v0x3472ca80_3, v0x3472ca80_4, v0x3472ca80_5, v0x3472ca80_6;
v0x3472ca80_7 .array/port v0x3472ca80, 7;
v0x3472ca80_8 .array/port v0x3472ca80, 8;
v0x3472ca80_9 .array/port v0x3472ca80, 9;
v0x3472ca80_10 .array/port v0x3472ca80, 10;
E_0x34680000/3 .event anyedge, v0x3472ca80_7, v0x3472ca80_8, v0x3472ca80_9, v0x3472ca80_10;
v0x3472ca80_11 .array/port v0x3472ca80, 11;
v0x3472ca80_12 .array/port v0x3472ca80, 12;
v0x3472ca80_13 .array/port v0x3472ca80, 13;
v0x3472ca80_14 .array/port v0x3472ca80, 14;
E_0x34680000/4 .event anyedge, v0x3472ca80_11, v0x3472ca80_12, v0x3472ca80_13, v0x3472ca80_14;
v0x3472ca80_15 .array/port v0x3472ca80, 15;
v0x3472ca80_16 .array/port v0x3472ca80, 16;
v0x3472ca80_17 .array/port v0x3472ca80, 17;
v0x3472ca80_18 .array/port v0x3472ca80, 18;
E_0x34680000/5 .event anyedge, v0x3472ca80_15, v0x3472ca80_16, v0x3472ca80_17, v0x3472ca80_18;
v0x3472ca80_19 .array/port v0x3472ca80, 19;
v0x3472ca80_20 .array/port v0x3472ca80, 20;
v0x3472ca80_21 .array/port v0x3472ca80, 21;
v0x3472ca80_22 .array/port v0x3472ca80, 22;
E_0x34680000/6 .event anyedge, v0x3472ca80_19, v0x3472ca80_20, v0x3472ca80_21, v0x3472ca80_22;
v0x3472ca80_23 .array/port v0x3472ca80, 23;
v0x3472ca80_24 .array/port v0x3472ca80, 24;
v0x3472ca80_25 .array/port v0x3472ca80, 25;
v0x3472ca80_26 .array/port v0x3472ca80, 26;
E_0x34680000/7 .event anyedge, v0x3472ca80_23, v0x3472ca80_24, v0x3472ca80_25, v0x3472ca80_26;
v0x3472ca80_27 .array/port v0x3472ca80, 27;
v0x3472ca80_28 .array/port v0x3472ca80, 28;
v0x3472ca80_29 .array/port v0x3472ca80, 29;
v0x3472ca80_30 .array/port v0x3472ca80, 30;
E_0x34680000/8 .event anyedge, v0x3472ca80_27, v0x3472ca80_28, v0x3472ca80_29, v0x3472ca80_30;
v0x3472ca80_31 .array/port v0x3472ca80, 31;
v0x3472ca80_32 .array/port v0x3472ca80, 32;
v0x3472ca80_33 .array/port v0x3472ca80, 33;
v0x3472ca80_34 .array/port v0x3472ca80, 34;
E_0x34680000/9 .event anyedge, v0x3472ca80_31, v0x3472ca80_32, v0x3472ca80_33, v0x3472ca80_34;
v0x3472ca80_35 .array/port v0x3472ca80, 35;
v0x3472ca80_36 .array/port v0x3472ca80, 36;
v0x3472ca80_37 .array/port v0x3472ca80, 37;
v0x3472ca80_38 .array/port v0x3472ca80, 38;
E_0x34680000/10 .event anyedge, v0x3472ca80_35, v0x3472ca80_36, v0x3472ca80_37, v0x3472ca80_38;
v0x3472ca80_39 .array/port v0x3472ca80, 39;
v0x3472ca80_40 .array/port v0x3472ca80, 40;
v0x3472ca80_41 .array/port v0x3472ca80, 41;
v0x3472ca80_42 .array/port v0x3472ca80, 42;
E_0x34680000/11 .event anyedge, v0x3472ca80_39, v0x3472ca80_40, v0x3472ca80_41, v0x3472ca80_42;
v0x3472ca80_43 .array/port v0x3472ca80, 43;
v0x3472ca80_44 .array/port v0x3472ca80, 44;
v0x3472ca80_45 .array/port v0x3472ca80, 45;
v0x3472ca80_46 .array/port v0x3472ca80, 46;
E_0x34680000/12 .event anyedge, v0x3472ca80_43, v0x3472ca80_44, v0x3472ca80_45, v0x3472ca80_46;
v0x3472ca80_47 .array/port v0x3472ca80, 47;
v0x3472ca80_48 .array/port v0x3472ca80, 48;
v0x3472ca80_49 .array/port v0x3472ca80, 49;
v0x3472ca80_50 .array/port v0x3472ca80, 50;
E_0x34680000/13 .event anyedge, v0x3472ca80_47, v0x3472ca80_48, v0x3472ca80_49, v0x3472ca80_50;
v0x3472ca80_51 .array/port v0x3472ca80, 51;
v0x3472ca80_52 .array/port v0x3472ca80, 52;
v0x3472ca80_53 .array/port v0x3472ca80, 53;
v0x3472ca80_54 .array/port v0x3472ca80, 54;
E_0x34680000/14 .event anyedge, v0x3472ca80_51, v0x3472ca80_52, v0x3472ca80_53, v0x3472ca80_54;
v0x3472ca80_55 .array/port v0x3472ca80, 55;
v0x3472ca80_56 .array/port v0x3472ca80, 56;
v0x3472ca80_57 .array/port v0x3472ca80, 57;
v0x3472ca80_58 .array/port v0x3472ca80, 58;
E_0x34680000/15 .event anyedge, v0x3472ca80_55, v0x3472ca80_56, v0x3472ca80_57, v0x3472ca80_58;
v0x3472ca80_59 .array/port v0x3472ca80, 59;
v0x3472ca80_60 .array/port v0x3472ca80, 60;
v0x3472ca80_61 .array/port v0x3472ca80, 61;
v0x3472ca80_62 .array/port v0x3472ca80, 62;
E_0x34680000/16 .event anyedge, v0x3472ca80_59, v0x3472ca80_60, v0x3472ca80_61, v0x3472ca80_62;
v0x3472ca80_63 .array/port v0x3472ca80, 63;
v0x3472ca80_64 .array/port v0x3472ca80, 64;
v0x3472ca80_65 .array/port v0x3472ca80, 65;
v0x3472ca80_66 .array/port v0x3472ca80, 66;
E_0x34680000/17 .event anyedge, v0x3472ca80_63, v0x3472ca80_64, v0x3472ca80_65, v0x3472ca80_66;
v0x3472ca80_67 .array/port v0x3472ca80, 67;
v0x3472ca80_68 .array/port v0x3472ca80, 68;
v0x3472ca80_69 .array/port v0x3472ca80, 69;
v0x3472ca80_70 .array/port v0x3472ca80, 70;
E_0x34680000/18 .event anyedge, v0x3472ca80_67, v0x3472ca80_68, v0x3472ca80_69, v0x3472ca80_70;
v0x3472ca80_71 .array/port v0x3472ca80, 71;
v0x3472ca80_72 .array/port v0x3472ca80, 72;
v0x3472ca80_73 .array/port v0x3472ca80, 73;
v0x3472ca80_74 .array/port v0x3472ca80, 74;
E_0x34680000/19 .event anyedge, v0x3472ca80_71, v0x3472ca80_72, v0x3472ca80_73, v0x3472ca80_74;
v0x3472ca80_75 .array/port v0x3472ca80, 75;
v0x3472ca80_76 .array/port v0x3472ca80, 76;
v0x3472ca80_77 .array/port v0x3472ca80, 77;
v0x3472ca80_78 .array/port v0x3472ca80, 78;
E_0x34680000/20 .event anyedge, v0x3472ca80_75, v0x3472ca80_76, v0x3472ca80_77, v0x3472ca80_78;
v0x3472ca80_79 .array/port v0x3472ca80, 79;
v0x3472ca80_80 .array/port v0x3472ca80, 80;
v0x3472ca80_81 .array/port v0x3472ca80, 81;
v0x3472ca80_82 .array/port v0x3472ca80, 82;
E_0x34680000/21 .event anyedge, v0x3472ca80_79, v0x3472ca80_80, v0x3472ca80_81, v0x3472ca80_82;
v0x3472ca80_83 .array/port v0x3472ca80, 83;
v0x3472ca80_84 .array/port v0x3472ca80, 84;
v0x3472ca80_85 .array/port v0x3472ca80, 85;
v0x3472ca80_86 .array/port v0x3472ca80, 86;
E_0x34680000/22 .event anyedge, v0x3472ca80_83, v0x3472ca80_84, v0x3472ca80_85, v0x3472ca80_86;
v0x3472ca80_87 .array/port v0x3472ca80, 87;
v0x3472ca80_88 .array/port v0x3472ca80, 88;
v0x3472ca80_89 .array/port v0x3472ca80, 89;
v0x3472ca80_90 .array/port v0x3472ca80, 90;
E_0x34680000/23 .event anyedge, v0x3472ca80_87, v0x3472ca80_88, v0x3472ca80_89, v0x3472ca80_90;
v0x3472ca80_91 .array/port v0x3472ca80, 91;
v0x3472ca80_92 .array/port v0x3472ca80, 92;
v0x3472ca80_93 .array/port v0x3472ca80, 93;
v0x3472ca80_94 .array/port v0x3472ca80, 94;
E_0x34680000/24 .event anyedge, v0x3472ca80_91, v0x3472ca80_92, v0x3472ca80_93, v0x3472ca80_94;
v0x3472ca80_95 .array/port v0x3472ca80, 95;
v0x3472ca80_96 .array/port v0x3472ca80, 96;
v0x3472ca80_97 .array/port v0x3472ca80, 97;
v0x3472ca80_98 .array/port v0x3472ca80, 98;
E_0x34680000/25 .event anyedge, v0x3472ca80_95, v0x3472ca80_96, v0x3472ca80_97, v0x3472ca80_98;
v0x3472ca80_99 .array/port v0x3472ca80, 99;
v0x3472ca80_100 .array/port v0x3472ca80, 100;
v0x3472ca80_101 .array/port v0x3472ca80, 101;
v0x3472ca80_102 .array/port v0x3472ca80, 102;
E_0x34680000/26 .event anyedge, v0x3472ca80_99, v0x3472ca80_100, v0x3472ca80_101, v0x3472ca80_102;
v0x3472ca80_103 .array/port v0x3472ca80, 103;
v0x3472ca80_104 .array/port v0x3472ca80, 104;
v0x3472ca80_105 .array/port v0x3472ca80, 105;
v0x3472ca80_106 .array/port v0x3472ca80, 106;
E_0x34680000/27 .event anyedge, v0x3472ca80_103, v0x3472ca80_104, v0x3472ca80_105, v0x3472ca80_106;
v0x3472ca80_107 .array/port v0x3472ca80, 107;
v0x3472ca80_108 .array/port v0x3472ca80, 108;
v0x3472ca80_109 .array/port v0x3472ca80, 109;
v0x3472ca80_110 .array/port v0x3472ca80, 110;
E_0x34680000/28 .event anyedge, v0x3472ca80_107, v0x3472ca80_108, v0x3472ca80_109, v0x3472ca80_110;
v0x3472ca80_111 .array/port v0x3472ca80, 111;
v0x3472ca80_112 .array/port v0x3472ca80, 112;
v0x3472ca80_113 .array/port v0x3472ca80, 113;
v0x3472ca80_114 .array/port v0x3472ca80, 114;
E_0x34680000/29 .event anyedge, v0x3472ca80_111, v0x3472ca80_112, v0x3472ca80_113, v0x3472ca80_114;
v0x3472ca80_115 .array/port v0x3472ca80, 115;
v0x3472ca80_116 .array/port v0x3472ca80, 116;
v0x3472ca80_117 .array/port v0x3472ca80, 117;
v0x3472ca80_118 .array/port v0x3472ca80, 118;
E_0x34680000/30 .event anyedge, v0x3472ca80_115, v0x3472ca80_116, v0x3472ca80_117, v0x3472ca80_118;
v0x3472ca80_119 .array/port v0x3472ca80, 119;
v0x3472ca80_120 .array/port v0x3472ca80, 120;
v0x3472ca80_121 .array/port v0x3472ca80, 121;
v0x3472ca80_122 .array/port v0x3472ca80, 122;
E_0x34680000/31 .event anyedge, v0x3472ca80_119, v0x3472ca80_120, v0x3472ca80_121, v0x3472ca80_122;
v0x3472ca80_123 .array/port v0x3472ca80, 123;
v0x3472ca80_124 .array/port v0x3472ca80, 124;
v0x3472ca80_125 .array/port v0x3472ca80, 125;
v0x3472ca80_126 .array/port v0x3472ca80, 126;
E_0x34680000/32 .event anyedge, v0x3472ca80_123, v0x3472ca80_124, v0x3472ca80_125, v0x3472ca80_126;
v0x3472ca80_127 .array/port v0x3472ca80, 127;
v0x3472ca80_128 .array/port v0x3472ca80, 128;
v0x3472ca80_129 .array/port v0x3472ca80, 129;
v0x3472ca80_130 .array/port v0x3472ca80, 130;
E_0x34680000/33 .event anyedge, v0x3472ca80_127, v0x3472ca80_128, v0x3472ca80_129, v0x3472ca80_130;
v0x3472ca80_131 .array/port v0x3472ca80, 131;
v0x3472ca80_132 .array/port v0x3472ca80, 132;
v0x3472ca80_133 .array/port v0x3472ca80, 133;
v0x3472ca80_134 .array/port v0x3472ca80, 134;
E_0x34680000/34 .event anyedge, v0x3472ca80_131, v0x3472ca80_132, v0x3472ca80_133, v0x3472ca80_134;
v0x3472ca80_135 .array/port v0x3472ca80, 135;
v0x3472ca80_136 .array/port v0x3472ca80, 136;
v0x3472ca80_137 .array/port v0x3472ca80, 137;
v0x3472ca80_138 .array/port v0x3472ca80, 138;
E_0x34680000/35 .event anyedge, v0x3472ca80_135, v0x3472ca80_136, v0x3472ca80_137, v0x3472ca80_138;
v0x3472ca80_139 .array/port v0x3472ca80, 139;
v0x3472ca80_140 .array/port v0x3472ca80, 140;
v0x3472ca80_141 .array/port v0x3472ca80, 141;
v0x3472ca80_142 .array/port v0x3472ca80, 142;
E_0x34680000/36 .event anyedge, v0x3472ca80_139, v0x3472ca80_140, v0x3472ca80_141, v0x3472ca80_142;
v0x3472ca80_143 .array/port v0x3472ca80, 143;
v0x3472ca80_144 .array/port v0x3472ca80, 144;
v0x3472ca80_145 .array/port v0x3472ca80, 145;
v0x3472ca80_146 .array/port v0x3472ca80, 146;
E_0x34680000/37 .event anyedge, v0x3472ca80_143, v0x3472ca80_144, v0x3472ca80_145, v0x3472ca80_146;
v0x3472ca80_147 .array/port v0x3472ca80, 147;
v0x3472ca80_148 .array/port v0x3472ca80, 148;
v0x3472ca80_149 .array/port v0x3472ca80, 149;
v0x3472ca80_150 .array/port v0x3472ca80, 150;
E_0x34680000/38 .event anyedge, v0x3472ca80_147, v0x3472ca80_148, v0x3472ca80_149, v0x3472ca80_150;
v0x3472ca80_151 .array/port v0x3472ca80, 151;
v0x3472ca80_152 .array/port v0x3472ca80, 152;
v0x3472ca80_153 .array/port v0x3472ca80, 153;
v0x3472ca80_154 .array/port v0x3472ca80, 154;
E_0x34680000/39 .event anyedge, v0x3472ca80_151, v0x3472ca80_152, v0x3472ca80_153, v0x3472ca80_154;
v0x3472ca80_155 .array/port v0x3472ca80, 155;
v0x3472ca80_156 .array/port v0x3472ca80, 156;
v0x3472ca80_157 .array/port v0x3472ca80, 157;
v0x3472ca80_158 .array/port v0x3472ca80, 158;
E_0x34680000/40 .event anyedge, v0x3472ca80_155, v0x3472ca80_156, v0x3472ca80_157, v0x3472ca80_158;
v0x3472ca80_159 .array/port v0x3472ca80, 159;
v0x3472ca80_160 .array/port v0x3472ca80, 160;
v0x3472ca80_161 .array/port v0x3472ca80, 161;
v0x3472ca80_162 .array/port v0x3472ca80, 162;
E_0x34680000/41 .event anyedge, v0x3472ca80_159, v0x3472ca80_160, v0x3472ca80_161, v0x3472ca80_162;
v0x3472ca80_163 .array/port v0x3472ca80, 163;
v0x3472ca80_164 .array/port v0x3472ca80, 164;
v0x3472ca80_165 .array/port v0x3472ca80, 165;
v0x3472ca80_166 .array/port v0x3472ca80, 166;
E_0x34680000/42 .event anyedge, v0x3472ca80_163, v0x3472ca80_164, v0x3472ca80_165, v0x3472ca80_166;
v0x3472ca80_167 .array/port v0x3472ca80, 167;
v0x3472ca80_168 .array/port v0x3472ca80, 168;
v0x3472ca80_169 .array/port v0x3472ca80, 169;
v0x3472ca80_170 .array/port v0x3472ca80, 170;
E_0x34680000/43 .event anyedge, v0x3472ca80_167, v0x3472ca80_168, v0x3472ca80_169, v0x3472ca80_170;
v0x3472ca80_171 .array/port v0x3472ca80, 171;
v0x3472ca80_172 .array/port v0x3472ca80, 172;
v0x3472ca80_173 .array/port v0x3472ca80, 173;
v0x3472ca80_174 .array/port v0x3472ca80, 174;
E_0x34680000/44 .event anyedge, v0x3472ca80_171, v0x3472ca80_172, v0x3472ca80_173, v0x3472ca80_174;
v0x3472ca80_175 .array/port v0x3472ca80, 175;
v0x3472ca80_176 .array/port v0x3472ca80, 176;
v0x3472ca80_177 .array/port v0x3472ca80, 177;
v0x3472ca80_178 .array/port v0x3472ca80, 178;
E_0x34680000/45 .event anyedge, v0x3472ca80_175, v0x3472ca80_176, v0x3472ca80_177, v0x3472ca80_178;
v0x3472ca80_179 .array/port v0x3472ca80, 179;
v0x3472ca80_180 .array/port v0x3472ca80, 180;
v0x3472ca80_181 .array/port v0x3472ca80, 181;
v0x3472ca80_182 .array/port v0x3472ca80, 182;
E_0x34680000/46 .event anyedge, v0x3472ca80_179, v0x3472ca80_180, v0x3472ca80_181, v0x3472ca80_182;
v0x3472ca80_183 .array/port v0x3472ca80, 183;
v0x3472ca80_184 .array/port v0x3472ca80, 184;
v0x3472ca80_185 .array/port v0x3472ca80, 185;
v0x3472ca80_186 .array/port v0x3472ca80, 186;
E_0x34680000/47 .event anyedge, v0x3472ca80_183, v0x3472ca80_184, v0x3472ca80_185, v0x3472ca80_186;
v0x3472ca80_187 .array/port v0x3472ca80, 187;
v0x3472ca80_188 .array/port v0x3472ca80, 188;
v0x3472ca80_189 .array/port v0x3472ca80, 189;
v0x3472ca80_190 .array/port v0x3472ca80, 190;
E_0x34680000/48 .event anyedge, v0x3472ca80_187, v0x3472ca80_188, v0x3472ca80_189, v0x3472ca80_190;
v0x3472ca80_191 .array/port v0x3472ca80, 191;
v0x3472ca80_192 .array/port v0x3472ca80, 192;
v0x3472ca80_193 .array/port v0x3472ca80, 193;
v0x3472ca80_194 .array/port v0x3472ca80, 194;
E_0x34680000/49 .event anyedge, v0x3472ca80_191, v0x3472ca80_192, v0x3472ca80_193, v0x3472ca80_194;
v0x3472ca80_195 .array/port v0x3472ca80, 195;
v0x3472ca80_196 .array/port v0x3472ca80, 196;
v0x3472ca80_197 .array/port v0x3472ca80, 197;
v0x3472ca80_198 .array/port v0x3472ca80, 198;
E_0x34680000/50 .event anyedge, v0x3472ca80_195, v0x3472ca80_196, v0x3472ca80_197, v0x3472ca80_198;
v0x3472ca80_199 .array/port v0x3472ca80, 199;
v0x3472ca80_200 .array/port v0x3472ca80, 200;
v0x3472ca80_201 .array/port v0x3472ca80, 201;
v0x3472ca80_202 .array/port v0x3472ca80, 202;
E_0x34680000/51 .event anyedge, v0x3472ca80_199, v0x3472ca80_200, v0x3472ca80_201, v0x3472ca80_202;
v0x3472ca80_203 .array/port v0x3472ca80, 203;
v0x3472ca80_204 .array/port v0x3472ca80, 204;
v0x3472ca80_205 .array/port v0x3472ca80, 205;
v0x3472ca80_206 .array/port v0x3472ca80, 206;
E_0x34680000/52 .event anyedge, v0x3472ca80_203, v0x3472ca80_204, v0x3472ca80_205, v0x3472ca80_206;
v0x3472ca80_207 .array/port v0x3472ca80, 207;
v0x3472ca80_208 .array/port v0x3472ca80, 208;
v0x3472ca80_209 .array/port v0x3472ca80, 209;
v0x3472ca80_210 .array/port v0x3472ca80, 210;
E_0x34680000/53 .event anyedge, v0x3472ca80_207, v0x3472ca80_208, v0x3472ca80_209, v0x3472ca80_210;
v0x3472ca80_211 .array/port v0x3472ca80, 211;
v0x3472ca80_212 .array/port v0x3472ca80, 212;
v0x3472ca80_213 .array/port v0x3472ca80, 213;
v0x3472ca80_214 .array/port v0x3472ca80, 214;
E_0x34680000/54 .event anyedge, v0x3472ca80_211, v0x3472ca80_212, v0x3472ca80_213, v0x3472ca80_214;
v0x3472ca80_215 .array/port v0x3472ca80, 215;
v0x3472ca80_216 .array/port v0x3472ca80, 216;
v0x3472ca80_217 .array/port v0x3472ca80, 217;
v0x3472ca80_218 .array/port v0x3472ca80, 218;
E_0x34680000/55 .event anyedge, v0x3472ca80_215, v0x3472ca80_216, v0x3472ca80_217, v0x3472ca80_218;
v0x3472ca80_219 .array/port v0x3472ca80, 219;
v0x3472ca80_220 .array/port v0x3472ca80, 220;
v0x3472ca80_221 .array/port v0x3472ca80, 221;
v0x3472ca80_222 .array/port v0x3472ca80, 222;
E_0x34680000/56 .event anyedge, v0x3472ca80_219, v0x3472ca80_220, v0x3472ca80_221, v0x3472ca80_222;
v0x3472ca80_223 .array/port v0x3472ca80, 223;
v0x3472ca80_224 .array/port v0x3472ca80, 224;
v0x3472ca80_225 .array/port v0x3472ca80, 225;
v0x3472ca80_226 .array/port v0x3472ca80, 226;
E_0x34680000/57 .event anyedge, v0x3472ca80_223, v0x3472ca80_224, v0x3472ca80_225, v0x3472ca80_226;
v0x3472ca80_227 .array/port v0x3472ca80, 227;
v0x3472ca80_228 .array/port v0x3472ca80, 228;
v0x3472ca80_229 .array/port v0x3472ca80, 229;
v0x3472ca80_230 .array/port v0x3472ca80, 230;
E_0x34680000/58 .event anyedge, v0x3472ca80_227, v0x3472ca80_228, v0x3472ca80_229, v0x3472ca80_230;
v0x3472ca80_231 .array/port v0x3472ca80, 231;
v0x3472ca80_232 .array/port v0x3472ca80, 232;
v0x3472ca80_233 .array/port v0x3472ca80, 233;
v0x3472ca80_234 .array/port v0x3472ca80, 234;
E_0x34680000/59 .event anyedge, v0x3472ca80_231, v0x3472ca80_232, v0x3472ca80_233, v0x3472ca80_234;
v0x3472ca80_235 .array/port v0x3472ca80, 235;
v0x3472ca80_236 .array/port v0x3472ca80, 236;
v0x3472ca80_237 .array/port v0x3472ca80, 237;
v0x3472ca80_238 .array/port v0x3472ca80, 238;
E_0x34680000/60 .event anyedge, v0x3472ca80_235, v0x3472ca80_236, v0x3472ca80_237, v0x3472ca80_238;
v0x3472ca80_239 .array/port v0x3472ca80, 239;
v0x3472ca80_240 .array/port v0x3472ca80, 240;
v0x3472ca80_241 .array/port v0x3472ca80, 241;
v0x3472ca80_242 .array/port v0x3472ca80, 242;
E_0x34680000/61 .event anyedge, v0x3472ca80_239, v0x3472ca80_240, v0x3472ca80_241, v0x3472ca80_242;
v0x3472ca80_243 .array/port v0x3472ca80, 243;
v0x3472ca80_244 .array/port v0x3472ca80, 244;
v0x3472ca80_245 .array/port v0x3472ca80, 245;
v0x3472ca80_246 .array/port v0x3472ca80, 246;
E_0x34680000/62 .event anyedge, v0x3472ca80_243, v0x3472ca80_244, v0x3472ca80_245, v0x3472ca80_246;
v0x3472ca80_247 .array/port v0x3472ca80, 247;
v0x3472ca80_248 .array/port v0x3472ca80, 248;
v0x3472ca80_249 .array/port v0x3472ca80, 249;
v0x3472ca80_250 .array/port v0x3472ca80, 250;
E_0x34680000/63 .event anyedge, v0x3472ca80_247, v0x3472ca80_248, v0x3472ca80_249, v0x3472ca80_250;
v0x3472ca80_251 .array/port v0x3472ca80, 251;
v0x3472ca80_252 .array/port v0x3472ca80, 252;
v0x3472ca80_253 .array/port v0x3472ca80, 253;
v0x3472ca80_254 .array/port v0x3472ca80, 254;
E_0x34680000/64 .event anyedge, v0x3472ca80_251, v0x3472ca80_252, v0x3472ca80_253, v0x3472ca80_254;
v0x3472ca80_255 .array/port v0x3472ca80, 255;
v0x34721c90_0 .array/port v0x34721c90, 0;
v0x34721c90_1 .array/port v0x34721c90, 1;
v0x34721c90_2 .array/port v0x34721c90, 2;
E_0x34680000/65 .event anyedge, v0x3472ca80_255, v0x34721c90_0, v0x34721c90_1, v0x34721c90_2;
v0x34721c90_3 .array/port v0x34721c90, 3;
v0x34721c90_4 .array/port v0x34721c90, 4;
v0x34721c90_5 .array/port v0x34721c90, 5;
v0x34721c90_6 .array/port v0x34721c90, 6;
E_0x34680000/66 .event anyedge, v0x34721c90_3, v0x34721c90_4, v0x34721c90_5, v0x34721c90_6;
v0x34721c90_7 .array/port v0x34721c90, 7;
v0x34721c90_8 .array/port v0x34721c90, 8;
v0x34721c90_9 .array/port v0x34721c90, 9;
v0x34721c90_10 .array/port v0x34721c90, 10;
E_0x34680000/67 .event anyedge, v0x34721c90_7, v0x34721c90_8, v0x34721c90_9, v0x34721c90_10;
v0x34721c90_11 .array/port v0x34721c90, 11;
v0x34721c90_12 .array/port v0x34721c90, 12;
v0x34721c90_13 .array/port v0x34721c90, 13;
v0x34721c90_14 .array/port v0x34721c90, 14;
E_0x34680000/68 .event anyedge, v0x34721c90_11, v0x34721c90_12, v0x34721c90_13, v0x34721c90_14;
v0x34721c90_15 .array/port v0x34721c90, 15;
v0x34721c90_16 .array/port v0x34721c90, 16;
v0x34721c90_17 .array/port v0x34721c90, 17;
v0x34721c90_18 .array/port v0x34721c90, 18;
E_0x34680000/69 .event anyedge, v0x34721c90_15, v0x34721c90_16, v0x34721c90_17, v0x34721c90_18;
v0x34721c90_19 .array/port v0x34721c90, 19;
v0x34721c90_20 .array/port v0x34721c90, 20;
v0x34721c90_21 .array/port v0x34721c90, 21;
v0x34721c90_22 .array/port v0x34721c90, 22;
E_0x34680000/70 .event anyedge, v0x34721c90_19, v0x34721c90_20, v0x34721c90_21, v0x34721c90_22;
v0x34721c90_23 .array/port v0x34721c90, 23;
v0x34721c90_24 .array/port v0x34721c90, 24;
v0x34721c90_25 .array/port v0x34721c90, 25;
v0x34721c90_26 .array/port v0x34721c90, 26;
E_0x34680000/71 .event anyedge, v0x34721c90_23, v0x34721c90_24, v0x34721c90_25, v0x34721c90_26;
v0x34721c90_27 .array/port v0x34721c90, 27;
v0x34721c90_28 .array/port v0x34721c90, 28;
v0x34721c90_29 .array/port v0x34721c90, 29;
v0x34721c90_30 .array/port v0x34721c90, 30;
E_0x34680000/72 .event anyedge, v0x34721c90_27, v0x34721c90_28, v0x34721c90_29, v0x34721c90_30;
v0x34721c90_31 .array/port v0x34721c90, 31;
v0x34721c90_32 .array/port v0x34721c90, 32;
v0x34721c90_33 .array/port v0x34721c90, 33;
v0x34721c90_34 .array/port v0x34721c90, 34;
E_0x34680000/73 .event anyedge, v0x34721c90_31, v0x34721c90_32, v0x34721c90_33, v0x34721c90_34;
v0x34721c90_35 .array/port v0x34721c90, 35;
v0x34721c90_36 .array/port v0x34721c90, 36;
v0x34721c90_37 .array/port v0x34721c90, 37;
v0x34721c90_38 .array/port v0x34721c90, 38;
E_0x34680000/74 .event anyedge, v0x34721c90_35, v0x34721c90_36, v0x34721c90_37, v0x34721c90_38;
v0x34721c90_39 .array/port v0x34721c90, 39;
v0x34721c90_40 .array/port v0x34721c90, 40;
v0x34721c90_41 .array/port v0x34721c90, 41;
v0x34721c90_42 .array/port v0x34721c90, 42;
E_0x34680000/75 .event anyedge, v0x34721c90_39, v0x34721c90_40, v0x34721c90_41, v0x34721c90_42;
v0x34721c90_43 .array/port v0x34721c90, 43;
v0x34721c90_44 .array/port v0x34721c90, 44;
v0x34721c90_45 .array/port v0x34721c90, 45;
v0x34721c90_46 .array/port v0x34721c90, 46;
E_0x34680000/76 .event anyedge, v0x34721c90_43, v0x34721c90_44, v0x34721c90_45, v0x34721c90_46;
v0x34721c90_47 .array/port v0x34721c90, 47;
v0x34721c90_48 .array/port v0x34721c90, 48;
v0x34721c90_49 .array/port v0x34721c90, 49;
v0x34721c90_50 .array/port v0x34721c90, 50;
E_0x34680000/77 .event anyedge, v0x34721c90_47, v0x34721c90_48, v0x34721c90_49, v0x34721c90_50;
v0x34721c90_51 .array/port v0x34721c90, 51;
v0x34721c90_52 .array/port v0x34721c90, 52;
v0x34721c90_53 .array/port v0x34721c90, 53;
v0x34721c90_54 .array/port v0x34721c90, 54;
E_0x34680000/78 .event anyedge, v0x34721c90_51, v0x34721c90_52, v0x34721c90_53, v0x34721c90_54;
v0x34721c90_55 .array/port v0x34721c90, 55;
v0x34721c90_56 .array/port v0x34721c90, 56;
v0x34721c90_57 .array/port v0x34721c90, 57;
v0x34721c90_58 .array/port v0x34721c90, 58;
E_0x34680000/79 .event anyedge, v0x34721c90_55, v0x34721c90_56, v0x34721c90_57, v0x34721c90_58;
v0x34721c90_59 .array/port v0x34721c90, 59;
v0x34721c90_60 .array/port v0x34721c90, 60;
v0x34721c90_61 .array/port v0x34721c90, 61;
v0x34721c90_62 .array/port v0x34721c90, 62;
E_0x34680000/80 .event anyedge, v0x34721c90_59, v0x34721c90_60, v0x34721c90_61, v0x34721c90_62;
v0x34721c90_63 .array/port v0x34721c90, 63;
v0x34721c90_64 .array/port v0x34721c90, 64;
v0x34721c90_65 .array/port v0x34721c90, 65;
v0x34721c90_66 .array/port v0x34721c90, 66;
E_0x34680000/81 .event anyedge, v0x34721c90_63, v0x34721c90_64, v0x34721c90_65, v0x34721c90_66;
v0x34721c90_67 .array/port v0x34721c90, 67;
v0x34721c90_68 .array/port v0x34721c90, 68;
v0x34721c90_69 .array/port v0x34721c90, 69;
v0x34721c90_70 .array/port v0x34721c90, 70;
E_0x34680000/82 .event anyedge, v0x34721c90_67, v0x34721c90_68, v0x34721c90_69, v0x34721c90_70;
v0x34721c90_71 .array/port v0x34721c90, 71;
v0x34721c90_72 .array/port v0x34721c90, 72;
v0x34721c90_73 .array/port v0x34721c90, 73;
v0x34721c90_74 .array/port v0x34721c90, 74;
E_0x34680000/83 .event anyedge, v0x34721c90_71, v0x34721c90_72, v0x34721c90_73, v0x34721c90_74;
v0x34721c90_75 .array/port v0x34721c90, 75;
v0x34721c90_76 .array/port v0x34721c90, 76;
v0x34721c90_77 .array/port v0x34721c90, 77;
v0x34721c90_78 .array/port v0x34721c90, 78;
E_0x34680000/84 .event anyedge, v0x34721c90_75, v0x34721c90_76, v0x34721c90_77, v0x34721c90_78;
v0x34721c90_79 .array/port v0x34721c90, 79;
v0x34721c90_80 .array/port v0x34721c90, 80;
v0x34721c90_81 .array/port v0x34721c90, 81;
v0x34721c90_82 .array/port v0x34721c90, 82;
E_0x34680000/85 .event anyedge, v0x34721c90_79, v0x34721c90_80, v0x34721c90_81, v0x34721c90_82;
v0x34721c90_83 .array/port v0x34721c90, 83;
v0x34721c90_84 .array/port v0x34721c90, 84;
v0x34721c90_85 .array/port v0x34721c90, 85;
v0x34721c90_86 .array/port v0x34721c90, 86;
E_0x34680000/86 .event anyedge, v0x34721c90_83, v0x34721c90_84, v0x34721c90_85, v0x34721c90_86;
v0x34721c90_87 .array/port v0x34721c90, 87;
v0x34721c90_88 .array/port v0x34721c90, 88;
v0x34721c90_89 .array/port v0x34721c90, 89;
v0x34721c90_90 .array/port v0x34721c90, 90;
E_0x34680000/87 .event anyedge, v0x34721c90_87, v0x34721c90_88, v0x34721c90_89, v0x34721c90_90;
v0x34721c90_91 .array/port v0x34721c90, 91;
v0x34721c90_92 .array/port v0x34721c90, 92;
v0x34721c90_93 .array/port v0x34721c90, 93;
v0x34721c90_94 .array/port v0x34721c90, 94;
E_0x34680000/88 .event anyedge, v0x34721c90_91, v0x34721c90_92, v0x34721c90_93, v0x34721c90_94;
v0x34721c90_95 .array/port v0x34721c90, 95;
v0x34721c90_96 .array/port v0x34721c90, 96;
v0x34721c90_97 .array/port v0x34721c90, 97;
v0x34721c90_98 .array/port v0x34721c90, 98;
E_0x34680000/89 .event anyedge, v0x34721c90_95, v0x34721c90_96, v0x34721c90_97, v0x34721c90_98;
v0x34721c90_99 .array/port v0x34721c90, 99;
v0x34721c90_100 .array/port v0x34721c90, 100;
v0x34721c90_101 .array/port v0x34721c90, 101;
v0x34721c90_102 .array/port v0x34721c90, 102;
E_0x34680000/90 .event anyedge, v0x34721c90_99, v0x34721c90_100, v0x34721c90_101, v0x34721c90_102;
v0x34721c90_103 .array/port v0x34721c90, 103;
v0x34721c90_104 .array/port v0x34721c90, 104;
v0x34721c90_105 .array/port v0x34721c90, 105;
v0x34721c90_106 .array/port v0x34721c90, 106;
E_0x34680000/91 .event anyedge, v0x34721c90_103, v0x34721c90_104, v0x34721c90_105, v0x34721c90_106;
v0x34721c90_107 .array/port v0x34721c90, 107;
v0x34721c90_108 .array/port v0x34721c90, 108;
v0x34721c90_109 .array/port v0x34721c90, 109;
v0x34721c90_110 .array/port v0x34721c90, 110;
E_0x34680000/92 .event anyedge, v0x34721c90_107, v0x34721c90_108, v0x34721c90_109, v0x34721c90_110;
v0x34721c90_111 .array/port v0x34721c90, 111;
v0x34721c90_112 .array/port v0x34721c90, 112;
v0x34721c90_113 .array/port v0x34721c90, 113;
v0x34721c90_114 .array/port v0x34721c90, 114;
E_0x34680000/93 .event anyedge, v0x34721c90_111, v0x34721c90_112, v0x34721c90_113, v0x34721c90_114;
v0x34721c90_115 .array/port v0x34721c90, 115;
v0x34721c90_116 .array/port v0x34721c90, 116;
v0x34721c90_117 .array/port v0x34721c90, 117;
v0x34721c90_118 .array/port v0x34721c90, 118;
E_0x34680000/94 .event anyedge, v0x34721c90_115, v0x34721c90_116, v0x34721c90_117, v0x34721c90_118;
v0x34721c90_119 .array/port v0x34721c90, 119;
v0x34721c90_120 .array/port v0x34721c90, 120;
v0x34721c90_121 .array/port v0x34721c90, 121;
v0x34721c90_122 .array/port v0x34721c90, 122;
E_0x34680000/95 .event anyedge, v0x34721c90_119, v0x34721c90_120, v0x34721c90_121, v0x34721c90_122;
v0x34721c90_123 .array/port v0x34721c90, 123;
v0x34721c90_124 .array/port v0x34721c90, 124;
v0x34721c90_125 .array/port v0x34721c90, 125;
v0x34721c90_126 .array/port v0x34721c90, 126;
E_0x34680000/96 .event anyedge, v0x34721c90_123, v0x34721c90_124, v0x34721c90_125, v0x34721c90_126;
v0x34721c90_127 .array/port v0x34721c90, 127;
v0x34721c90_128 .array/port v0x34721c90, 128;
v0x34721c90_129 .array/port v0x34721c90, 129;
v0x34721c90_130 .array/port v0x34721c90, 130;
E_0x34680000/97 .event anyedge, v0x34721c90_127, v0x34721c90_128, v0x34721c90_129, v0x34721c90_130;
v0x34721c90_131 .array/port v0x34721c90, 131;
v0x34721c90_132 .array/port v0x34721c90, 132;
v0x34721c90_133 .array/port v0x34721c90, 133;
v0x34721c90_134 .array/port v0x34721c90, 134;
E_0x34680000/98 .event anyedge, v0x34721c90_131, v0x34721c90_132, v0x34721c90_133, v0x34721c90_134;
v0x34721c90_135 .array/port v0x34721c90, 135;
v0x34721c90_136 .array/port v0x34721c90, 136;
v0x34721c90_137 .array/port v0x34721c90, 137;
v0x34721c90_138 .array/port v0x34721c90, 138;
E_0x34680000/99 .event anyedge, v0x34721c90_135, v0x34721c90_136, v0x34721c90_137, v0x34721c90_138;
v0x34721c90_139 .array/port v0x34721c90, 139;
v0x34721c90_140 .array/port v0x34721c90, 140;
v0x34721c90_141 .array/port v0x34721c90, 141;
v0x34721c90_142 .array/port v0x34721c90, 142;
E_0x34680000/100 .event anyedge, v0x34721c90_139, v0x34721c90_140, v0x34721c90_141, v0x34721c90_142;
v0x34721c90_143 .array/port v0x34721c90, 143;
v0x34721c90_144 .array/port v0x34721c90, 144;
v0x34721c90_145 .array/port v0x34721c90, 145;
v0x34721c90_146 .array/port v0x34721c90, 146;
E_0x34680000/101 .event anyedge, v0x34721c90_143, v0x34721c90_144, v0x34721c90_145, v0x34721c90_146;
v0x34721c90_147 .array/port v0x34721c90, 147;
v0x34721c90_148 .array/port v0x34721c90, 148;
v0x34721c90_149 .array/port v0x34721c90, 149;
v0x34721c90_150 .array/port v0x34721c90, 150;
E_0x34680000/102 .event anyedge, v0x34721c90_147, v0x34721c90_148, v0x34721c90_149, v0x34721c90_150;
v0x34721c90_151 .array/port v0x34721c90, 151;
v0x34721c90_152 .array/port v0x34721c90, 152;
v0x34721c90_153 .array/port v0x34721c90, 153;
v0x34721c90_154 .array/port v0x34721c90, 154;
E_0x34680000/103 .event anyedge, v0x34721c90_151, v0x34721c90_152, v0x34721c90_153, v0x34721c90_154;
v0x34721c90_155 .array/port v0x34721c90, 155;
v0x34721c90_156 .array/port v0x34721c90, 156;
v0x34721c90_157 .array/port v0x34721c90, 157;
v0x34721c90_158 .array/port v0x34721c90, 158;
E_0x34680000/104 .event anyedge, v0x34721c90_155, v0x34721c90_156, v0x34721c90_157, v0x34721c90_158;
v0x34721c90_159 .array/port v0x34721c90, 159;
v0x34721c90_160 .array/port v0x34721c90, 160;
v0x34721c90_161 .array/port v0x34721c90, 161;
v0x34721c90_162 .array/port v0x34721c90, 162;
E_0x34680000/105 .event anyedge, v0x34721c90_159, v0x34721c90_160, v0x34721c90_161, v0x34721c90_162;
v0x34721c90_163 .array/port v0x34721c90, 163;
v0x34721c90_164 .array/port v0x34721c90, 164;
v0x34721c90_165 .array/port v0x34721c90, 165;
v0x34721c90_166 .array/port v0x34721c90, 166;
E_0x34680000/106 .event anyedge, v0x34721c90_163, v0x34721c90_164, v0x34721c90_165, v0x34721c90_166;
v0x34721c90_167 .array/port v0x34721c90, 167;
v0x34721c90_168 .array/port v0x34721c90, 168;
v0x34721c90_169 .array/port v0x34721c90, 169;
v0x34721c90_170 .array/port v0x34721c90, 170;
E_0x34680000/107 .event anyedge, v0x34721c90_167, v0x34721c90_168, v0x34721c90_169, v0x34721c90_170;
v0x34721c90_171 .array/port v0x34721c90, 171;
v0x34721c90_172 .array/port v0x34721c90, 172;
v0x34721c90_173 .array/port v0x34721c90, 173;
v0x34721c90_174 .array/port v0x34721c90, 174;
E_0x34680000/108 .event anyedge, v0x34721c90_171, v0x34721c90_172, v0x34721c90_173, v0x34721c90_174;
v0x34721c90_175 .array/port v0x34721c90, 175;
v0x34721c90_176 .array/port v0x34721c90, 176;
v0x34721c90_177 .array/port v0x34721c90, 177;
v0x34721c90_178 .array/port v0x34721c90, 178;
E_0x34680000/109 .event anyedge, v0x34721c90_175, v0x34721c90_176, v0x34721c90_177, v0x34721c90_178;
v0x34721c90_179 .array/port v0x34721c90, 179;
v0x34721c90_180 .array/port v0x34721c90, 180;
v0x34721c90_181 .array/port v0x34721c90, 181;
v0x34721c90_182 .array/port v0x34721c90, 182;
E_0x34680000/110 .event anyedge, v0x34721c90_179, v0x34721c90_180, v0x34721c90_181, v0x34721c90_182;
v0x34721c90_183 .array/port v0x34721c90, 183;
v0x34721c90_184 .array/port v0x34721c90, 184;
v0x34721c90_185 .array/port v0x34721c90, 185;
v0x34721c90_186 .array/port v0x34721c90, 186;
E_0x34680000/111 .event anyedge, v0x34721c90_183, v0x34721c90_184, v0x34721c90_185, v0x34721c90_186;
v0x34721c90_187 .array/port v0x34721c90, 187;
v0x34721c90_188 .array/port v0x34721c90, 188;
v0x34721c90_189 .array/port v0x34721c90, 189;
v0x34721c90_190 .array/port v0x34721c90, 190;
E_0x34680000/112 .event anyedge, v0x34721c90_187, v0x34721c90_188, v0x34721c90_189, v0x34721c90_190;
v0x34721c90_191 .array/port v0x34721c90, 191;
v0x34721c90_192 .array/port v0x34721c90, 192;
v0x34721c90_193 .array/port v0x34721c90, 193;
v0x34721c90_194 .array/port v0x34721c90, 194;
E_0x34680000/113 .event anyedge, v0x34721c90_191, v0x34721c90_192, v0x34721c90_193, v0x34721c90_194;
v0x34721c90_195 .array/port v0x34721c90, 195;
v0x34721c90_196 .array/port v0x34721c90, 196;
v0x34721c90_197 .array/port v0x34721c90, 197;
v0x34721c90_198 .array/port v0x34721c90, 198;
E_0x34680000/114 .event anyedge, v0x34721c90_195, v0x34721c90_196, v0x34721c90_197, v0x34721c90_198;
v0x34721c90_199 .array/port v0x34721c90, 199;
v0x34721c90_200 .array/port v0x34721c90, 200;
v0x34721c90_201 .array/port v0x34721c90, 201;
v0x34721c90_202 .array/port v0x34721c90, 202;
E_0x34680000/115 .event anyedge, v0x34721c90_199, v0x34721c90_200, v0x34721c90_201, v0x34721c90_202;
v0x34721c90_203 .array/port v0x34721c90, 203;
v0x34721c90_204 .array/port v0x34721c90, 204;
v0x34721c90_205 .array/port v0x34721c90, 205;
v0x34721c90_206 .array/port v0x34721c90, 206;
E_0x34680000/116 .event anyedge, v0x34721c90_203, v0x34721c90_204, v0x34721c90_205, v0x34721c90_206;
v0x34721c90_207 .array/port v0x34721c90, 207;
v0x34721c90_208 .array/port v0x34721c90, 208;
v0x34721c90_209 .array/port v0x34721c90, 209;
v0x34721c90_210 .array/port v0x34721c90, 210;
E_0x34680000/117 .event anyedge, v0x34721c90_207, v0x34721c90_208, v0x34721c90_209, v0x34721c90_210;
v0x34721c90_211 .array/port v0x34721c90, 211;
v0x34721c90_212 .array/port v0x34721c90, 212;
v0x34721c90_213 .array/port v0x34721c90, 213;
v0x34721c90_214 .array/port v0x34721c90, 214;
E_0x34680000/118 .event anyedge, v0x34721c90_211, v0x34721c90_212, v0x34721c90_213, v0x34721c90_214;
v0x34721c90_215 .array/port v0x34721c90, 215;
v0x34721c90_216 .array/port v0x34721c90, 216;
v0x34721c90_217 .array/port v0x34721c90, 217;
v0x34721c90_218 .array/port v0x34721c90, 218;
E_0x34680000/119 .event anyedge, v0x34721c90_215, v0x34721c90_216, v0x34721c90_217, v0x34721c90_218;
v0x34721c90_219 .array/port v0x34721c90, 219;
v0x34721c90_220 .array/port v0x34721c90, 220;
v0x34721c90_221 .array/port v0x34721c90, 221;
v0x34721c90_222 .array/port v0x34721c90, 222;
E_0x34680000/120 .event anyedge, v0x34721c90_219, v0x34721c90_220, v0x34721c90_221, v0x34721c90_222;
v0x34721c90_223 .array/port v0x34721c90, 223;
v0x34721c90_224 .array/port v0x34721c90, 224;
v0x34721c90_225 .array/port v0x34721c90, 225;
v0x34721c90_226 .array/port v0x34721c90, 226;
E_0x34680000/121 .event anyedge, v0x34721c90_223, v0x34721c90_224, v0x34721c90_225, v0x34721c90_226;
v0x34721c90_227 .array/port v0x34721c90, 227;
v0x34721c90_228 .array/port v0x34721c90, 228;
v0x34721c90_229 .array/port v0x34721c90, 229;
v0x34721c90_230 .array/port v0x34721c90, 230;
E_0x34680000/122 .event anyedge, v0x34721c90_227, v0x34721c90_228, v0x34721c90_229, v0x34721c90_230;
v0x34721c90_231 .array/port v0x34721c90, 231;
v0x34721c90_232 .array/port v0x34721c90, 232;
v0x34721c90_233 .array/port v0x34721c90, 233;
v0x34721c90_234 .array/port v0x34721c90, 234;
E_0x34680000/123 .event anyedge, v0x34721c90_231, v0x34721c90_232, v0x34721c90_233, v0x34721c90_234;
v0x34721c90_235 .array/port v0x34721c90, 235;
v0x34721c90_236 .array/port v0x34721c90, 236;
v0x34721c90_237 .array/port v0x34721c90, 237;
v0x34721c90_238 .array/port v0x34721c90, 238;
E_0x34680000/124 .event anyedge, v0x34721c90_235, v0x34721c90_236, v0x34721c90_237, v0x34721c90_238;
v0x34721c90_239 .array/port v0x34721c90, 239;
v0x34721c90_240 .array/port v0x34721c90, 240;
v0x34721c90_241 .array/port v0x34721c90, 241;
v0x34721c90_242 .array/port v0x34721c90, 242;
E_0x34680000/125 .event anyedge, v0x34721c90_239, v0x34721c90_240, v0x34721c90_241, v0x34721c90_242;
v0x34721c90_243 .array/port v0x34721c90, 243;
v0x34721c90_244 .array/port v0x34721c90, 244;
v0x34721c90_245 .array/port v0x34721c90, 245;
v0x34721c90_246 .array/port v0x34721c90, 246;
E_0x34680000/126 .event anyedge, v0x34721c90_243, v0x34721c90_244, v0x34721c90_245, v0x34721c90_246;
v0x34721c90_247 .array/port v0x34721c90, 247;
v0x34721c90_248 .array/port v0x34721c90, 248;
v0x34721c90_249 .array/port v0x34721c90, 249;
v0x34721c90_250 .array/port v0x34721c90, 250;
E_0x34680000/127 .event anyedge, v0x34721c90_247, v0x34721c90_248, v0x34721c90_249, v0x34721c90_250;
v0x34721c90_251 .array/port v0x34721c90, 251;
v0x34721c90_252 .array/port v0x34721c90, 252;
v0x34721c90_253 .array/port v0x34721c90, 253;
v0x34721c90_254 .array/port v0x34721c90, 254;
E_0x34680000/128 .event anyedge, v0x34721c90_251, v0x34721c90_252, v0x34721c90_253, v0x34721c90_254;
v0x34721c90_255 .array/port v0x34721c90, 255;
v0x34721c90_256 .array/port v0x34721c90, 256;
v0x34721c90_257 .array/port v0x34721c90, 257;
v0x34721c90_258 .array/port v0x34721c90, 258;
E_0x34680000/129 .event anyedge, v0x34721c90_255, v0x34721c90_256, v0x34721c90_257, v0x34721c90_258;
v0x34721c90_259 .array/port v0x34721c90, 259;
v0x34721c90_260 .array/port v0x34721c90, 260;
v0x34721c90_261 .array/port v0x34721c90, 261;
v0x34721c90_262 .array/port v0x34721c90, 262;
E_0x34680000/130 .event anyedge, v0x34721c90_259, v0x34721c90_260, v0x34721c90_261, v0x34721c90_262;
v0x34721c90_263 .array/port v0x34721c90, 263;
v0x34721c90_264 .array/port v0x34721c90, 264;
v0x34721c90_265 .array/port v0x34721c90, 265;
v0x34721c90_266 .array/port v0x34721c90, 266;
E_0x34680000/131 .event anyedge, v0x34721c90_263, v0x34721c90_264, v0x34721c90_265, v0x34721c90_266;
v0x34721c90_267 .array/port v0x34721c90, 267;
v0x34721c90_268 .array/port v0x34721c90, 268;
v0x34721c90_269 .array/port v0x34721c90, 269;
v0x34721c90_270 .array/port v0x34721c90, 270;
E_0x34680000/132 .event anyedge, v0x34721c90_267, v0x34721c90_268, v0x34721c90_269, v0x34721c90_270;
v0x34721c90_271 .array/port v0x34721c90, 271;
v0x34721c90_272 .array/port v0x34721c90, 272;
v0x34721c90_273 .array/port v0x34721c90, 273;
v0x34721c90_274 .array/port v0x34721c90, 274;
E_0x34680000/133 .event anyedge, v0x34721c90_271, v0x34721c90_272, v0x34721c90_273, v0x34721c90_274;
v0x34721c90_275 .array/port v0x34721c90, 275;
v0x34721c90_276 .array/port v0x34721c90, 276;
v0x34721c90_277 .array/port v0x34721c90, 277;
v0x34721c90_278 .array/port v0x34721c90, 278;
E_0x34680000/134 .event anyedge, v0x34721c90_275, v0x34721c90_276, v0x34721c90_277, v0x34721c90_278;
v0x34721c90_279 .array/port v0x34721c90, 279;
v0x34721c90_280 .array/port v0x34721c90, 280;
v0x34721c90_281 .array/port v0x34721c90, 281;
v0x34721c90_282 .array/port v0x34721c90, 282;
E_0x34680000/135 .event anyedge, v0x34721c90_279, v0x34721c90_280, v0x34721c90_281, v0x34721c90_282;
v0x34721c90_283 .array/port v0x34721c90, 283;
v0x34721c90_284 .array/port v0x34721c90, 284;
v0x34721c90_285 .array/port v0x34721c90, 285;
v0x34721c90_286 .array/port v0x34721c90, 286;
E_0x34680000/136 .event anyedge, v0x34721c90_283, v0x34721c90_284, v0x34721c90_285, v0x34721c90_286;
v0x34721c90_287 .array/port v0x34721c90, 287;
v0x34721c90_288 .array/port v0x34721c90, 288;
v0x34721c90_289 .array/port v0x34721c90, 289;
v0x34721c90_290 .array/port v0x34721c90, 290;
E_0x34680000/137 .event anyedge, v0x34721c90_287, v0x34721c90_288, v0x34721c90_289, v0x34721c90_290;
v0x34721c90_291 .array/port v0x34721c90, 291;
v0x34721c90_292 .array/port v0x34721c90, 292;
v0x34721c90_293 .array/port v0x34721c90, 293;
v0x34721c90_294 .array/port v0x34721c90, 294;
E_0x34680000/138 .event anyedge, v0x34721c90_291, v0x34721c90_292, v0x34721c90_293, v0x34721c90_294;
v0x34721c90_295 .array/port v0x34721c90, 295;
v0x34721c90_296 .array/port v0x34721c90, 296;
v0x34721c90_297 .array/port v0x34721c90, 297;
v0x34721c90_298 .array/port v0x34721c90, 298;
E_0x34680000/139 .event anyedge, v0x34721c90_295, v0x34721c90_296, v0x34721c90_297, v0x34721c90_298;
v0x34721c90_299 .array/port v0x34721c90, 299;
v0x34721c90_300 .array/port v0x34721c90, 300;
v0x34721c90_301 .array/port v0x34721c90, 301;
v0x34721c90_302 .array/port v0x34721c90, 302;
E_0x34680000/140 .event anyedge, v0x34721c90_299, v0x34721c90_300, v0x34721c90_301, v0x34721c90_302;
v0x34721c90_303 .array/port v0x34721c90, 303;
v0x34721c90_304 .array/port v0x34721c90, 304;
v0x34721c90_305 .array/port v0x34721c90, 305;
v0x34721c90_306 .array/port v0x34721c90, 306;
E_0x34680000/141 .event anyedge, v0x34721c90_303, v0x34721c90_304, v0x34721c90_305, v0x34721c90_306;
v0x34721c90_307 .array/port v0x34721c90, 307;
v0x34721c90_308 .array/port v0x34721c90, 308;
v0x34721c90_309 .array/port v0x34721c90, 309;
v0x34721c90_310 .array/port v0x34721c90, 310;
E_0x34680000/142 .event anyedge, v0x34721c90_307, v0x34721c90_308, v0x34721c90_309, v0x34721c90_310;
v0x34721c90_311 .array/port v0x34721c90, 311;
v0x34721c90_312 .array/port v0x34721c90, 312;
v0x34721c90_313 .array/port v0x34721c90, 313;
v0x34721c90_314 .array/port v0x34721c90, 314;
E_0x34680000/143 .event anyedge, v0x34721c90_311, v0x34721c90_312, v0x34721c90_313, v0x34721c90_314;
v0x34721c90_315 .array/port v0x34721c90, 315;
v0x34721c90_316 .array/port v0x34721c90, 316;
v0x34721c90_317 .array/port v0x34721c90, 317;
v0x34721c90_318 .array/port v0x34721c90, 318;
E_0x34680000/144 .event anyedge, v0x34721c90_315, v0x34721c90_316, v0x34721c90_317, v0x34721c90_318;
v0x34721c90_319 .array/port v0x34721c90, 319;
v0x34721c90_320 .array/port v0x34721c90, 320;
v0x34721c90_321 .array/port v0x34721c90, 321;
v0x34721c90_322 .array/port v0x34721c90, 322;
E_0x34680000/145 .event anyedge, v0x34721c90_319, v0x34721c90_320, v0x34721c90_321, v0x34721c90_322;
v0x34721c90_323 .array/port v0x34721c90, 323;
v0x34721c90_324 .array/port v0x34721c90, 324;
v0x34721c90_325 .array/port v0x34721c90, 325;
v0x34721c90_326 .array/port v0x34721c90, 326;
E_0x34680000/146 .event anyedge, v0x34721c90_323, v0x34721c90_324, v0x34721c90_325, v0x34721c90_326;
v0x34721c90_327 .array/port v0x34721c90, 327;
v0x34721c90_328 .array/port v0x34721c90, 328;
v0x34721c90_329 .array/port v0x34721c90, 329;
v0x34721c90_330 .array/port v0x34721c90, 330;
E_0x34680000/147 .event anyedge, v0x34721c90_327, v0x34721c90_328, v0x34721c90_329, v0x34721c90_330;
v0x34721c90_331 .array/port v0x34721c90, 331;
v0x34721c90_332 .array/port v0x34721c90, 332;
v0x34721c90_333 .array/port v0x34721c90, 333;
v0x34721c90_334 .array/port v0x34721c90, 334;
E_0x34680000/148 .event anyedge, v0x34721c90_331, v0x34721c90_332, v0x34721c90_333, v0x34721c90_334;
v0x34721c90_335 .array/port v0x34721c90, 335;
v0x34721c90_336 .array/port v0x34721c90, 336;
v0x34721c90_337 .array/port v0x34721c90, 337;
v0x34721c90_338 .array/port v0x34721c90, 338;
E_0x34680000/149 .event anyedge, v0x34721c90_335, v0x34721c90_336, v0x34721c90_337, v0x34721c90_338;
v0x34721c90_339 .array/port v0x34721c90, 339;
v0x34721c90_340 .array/port v0x34721c90, 340;
v0x34721c90_341 .array/port v0x34721c90, 341;
v0x34721c90_342 .array/port v0x34721c90, 342;
E_0x34680000/150 .event anyedge, v0x34721c90_339, v0x34721c90_340, v0x34721c90_341, v0x34721c90_342;
v0x34721c90_343 .array/port v0x34721c90, 343;
v0x34721c90_344 .array/port v0x34721c90, 344;
v0x34721c90_345 .array/port v0x34721c90, 345;
v0x34721c90_346 .array/port v0x34721c90, 346;
E_0x34680000/151 .event anyedge, v0x34721c90_343, v0x34721c90_344, v0x34721c90_345, v0x34721c90_346;
v0x34721c90_347 .array/port v0x34721c90, 347;
v0x34721c90_348 .array/port v0x34721c90, 348;
v0x34721c90_349 .array/port v0x34721c90, 349;
v0x34721c90_350 .array/port v0x34721c90, 350;
E_0x34680000/152 .event anyedge, v0x34721c90_347, v0x34721c90_348, v0x34721c90_349, v0x34721c90_350;
v0x34721c90_351 .array/port v0x34721c90, 351;
v0x34721c90_352 .array/port v0x34721c90, 352;
v0x34721c90_353 .array/port v0x34721c90, 353;
v0x34721c90_354 .array/port v0x34721c90, 354;
E_0x34680000/153 .event anyedge, v0x34721c90_351, v0x34721c90_352, v0x34721c90_353, v0x34721c90_354;
v0x34721c90_355 .array/port v0x34721c90, 355;
v0x34721c90_356 .array/port v0x34721c90, 356;
v0x34721c90_357 .array/port v0x34721c90, 357;
v0x34721c90_358 .array/port v0x34721c90, 358;
E_0x34680000/154 .event anyedge, v0x34721c90_355, v0x34721c90_356, v0x34721c90_357, v0x34721c90_358;
v0x34721c90_359 .array/port v0x34721c90, 359;
v0x34721c90_360 .array/port v0x34721c90, 360;
v0x34721c90_361 .array/port v0x34721c90, 361;
v0x34721c90_362 .array/port v0x34721c90, 362;
E_0x34680000/155 .event anyedge, v0x34721c90_359, v0x34721c90_360, v0x34721c90_361, v0x34721c90_362;
v0x34721c90_363 .array/port v0x34721c90, 363;
v0x34721c90_364 .array/port v0x34721c90, 364;
v0x34721c90_365 .array/port v0x34721c90, 365;
v0x34721c90_366 .array/port v0x34721c90, 366;
E_0x34680000/156 .event anyedge, v0x34721c90_363, v0x34721c90_364, v0x34721c90_365, v0x34721c90_366;
v0x34721c90_367 .array/port v0x34721c90, 367;
v0x34721c90_368 .array/port v0x34721c90, 368;
v0x34721c90_369 .array/port v0x34721c90, 369;
v0x34721c90_370 .array/port v0x34721c90, 370;
E_0x34680000/157 .event anyedge, v0x34721c90_367, v0x34721c90_368, v0x34721c90_369, v0x34721c90_370;
v0x34721c90_371 .array/port v0x34721c90, 371;
v0x34721c90_372 .array/port v0x34721c90, 372;
v0x34721c90_373 .array/port v0x34721c90, 373;
v0x34721c90_374 .array/port v0x34721c90, 374;
E_0x34680000/158 .event anyedge, v0x34721c90_371, v0x34721c90_372, v0x34721c90_373, v0x34721c90_374;
v0x34721c90_375 .array/port v0x34721c90, 375;
v0x34721c90_376 .array/port v0x34721c90, 376;
v0x34721c90_377 .array/port v0x34721c90, 377;
v0x34721c90_378 .array/port v0x34721c90, 378;
E_0x34680000/159 .event anyedge, v0x34721c90_375, v0x34721c90_376, v0x34721c90_377, v0x34721c90_378;
v0x34721c90_379 .array/port v0x34721c90, 379;
v0x34721c90_380 .array/port v0x34721c90, 380;
v0x34721c90_381 .array/port v0x34721c90, 381;
v0x34721c90_382 .array/port v0x34721c90, 382;
E_0x34680000/160 .event anyedge, v0x34721c90_379, v0x34721c90_380, v0x34721c90_381, v0x34721c90_382;
v0x34721c90_383 .array/port v0x34721c90, 383;
v0x34721c90_384 .array/port v0x34721c90, 384;
v0x34721c90_385 .array/port v0x34721c90, 385;
v0x34721c90_386 .array/port v0x34721c90, 386;
E_0x34680000/161 .event anyedge, v0x34721c90_383, v0x34721c90_384, v0x34721c90_385, v0x34721c90_386;
v0x34721c90_387 .array/port v0x34721c90, 387;
v0x34721c90_388 .array/port v0x34721c90, 388;
v0x34721c90_389 .array/port v0x34721c90, 389;
v0x34721c90_390 .array/port v0x34721c90, 390;
E_0x34680000/162 .event anyedge, v0x34721c90_387, v0x34721c90_388, v0x34721c90_389, v0x34721c90_390;
v0x34721c90_391 .array/port v0x34721c90, 391;
v0x34721c90_392 .array/port v0x34721c90, 392;
v0x34721c90_393 .array/port v0x34721c90, 393;
v0x34721c90_394 .array/port v0x34721c90, 394;
E_0x34680000/163 .event anyedge, v0x34721c90_391, v0x34721c90_392, v0x34721c90_393, v0x34721c90_394;
v0x34721c90_395 .array/port v0x34721c90, 395;
v0x34721c90_396 .array/port v0x34721c90, 396;
v0x34721c90_397 .array/port v0x34721c90, 397;
v0x34721c90_398 .array/port v0x34721c90, 398;
E_0x34680000/164 .event anyedge, v0x34721c90_395, v0x34721c90_396, v0x34721c90_397, v0x34721c90_398;
v0x34721c90_399 .array/port v0x34721c90, 399;
v0x34721c90_400 .array/port v0x34721c90, 400;
v0x34721c90_401 .array/port v0x34721c90, 401;
v0x34721c90_402 .array/port v0x34721c90, 402;
E_0x34680000/165 .event anyedge, v0x34721c90_399, v0x34721c90_400, v0x34721c90_401, v0x34721c90_402;
v0x34721c90_403 .array/port v0x34721c90, 403;
v0x34721c90_404 .array/port v0x34721c90, 404;
v0x34721c90_405 .array/port v0x34721c90, 405;
v0x34721c90_406 .array/port v0x34721c90, 406;
E_0x34680000/166 .event anyedge, v0x34721c90_403, v0x34721c90_404, v0x34721c90_405, v0x34721c90_406;
v0x34721c90_407 .array/port v0x34721c90, 407;
v0x34721c90_408 .array/port v0x34721c90, 408;
v0x34721c90_409 .array/port v0x34721c90, 409;
v0x34721c90_410 .array/port v0x34721c90, 410;
E_0x34680000/167 .event anyedge, v0x34721c90_407, v0x34721c90_408, v0x34721c90_409, v0x34721c90_410;
v0x34721c90_411 .array/port v0x34721c90, 411;
v0x34721c90_412 .array/port v0x34721c90, 412;
v0x34721c90_413 .array/port v0x34721c90, 413;
v0x34721c90_414 .array/port v0x34721c90, 414;
E_0x34680000/168 .event anyedge, v0x34721c90_411, v0x34721c90_412, v0x34721c90_413, v0x34721c90_414;
v0x34721c90_415 .array/port v0x34721c90, 415;
v0x34721c90_416 .array/port v0x34721c90, 416;
v0x34721c90_417 .array/port v0x34721c90, 417;
v0x34721c90_418 .array/port v0x34721c90, 418;
E_0x34680000/169 .event anyedge, v0x34721c90_415, v0x34721c90_416, v0x34721c90_417, v0x34721c90_418;
v0x34721c90_419 .array/port v0x34721c90, 419;
v0x34721c90_420 .array/port v0x34721c90, 420;
v0x34721c90_421 .array/port v0x34721c90, 421;
v0x34721c90_422 .array/port v0x34721c90, 422;
E_0x34680000/170 .event anyedge, v0x34721c90_419, v0x34721c90_420, v0x34721c90_421, v0x34721c90_422;
v0x34721c90_423 .array/port v0x34721c90, 423;
v0x34721c90_424 .array/port v0x34721c90, 424;
v0x34721c90_425 .array/port v0x34721c90, 425;
v0x34721c90_426 .array/port v0x34721c90, 426;
E_0x34680000/171 .event anyedge, v0x34721c90_423, v0x34721c90_424, v0x34721c90_425, v0x34721c90_426;
v0x34721c90_427 .array/port v0x34721c90, 427;
v0x34721c90_428 .array/port v0x34721c90, 428;
v0x34721c90_429 .array/port v0x34721c90, 429;
v0x34721c90_430 .array/port v0x34721c90, 430;
E_0x34680000/172 .event anyedge, v0x34721c90_427, v0x34721c90_428, v0x34721c90_429, v0x34721c90_430;
v0x34721c90_431 .array/port v0x34721c90, 431;
v0x34721c90_432 .array/port v0x34721c90, 432;
v0x34721c90_433 .array/port v0x34721c90, 433;
v0x34721c90_434 .array/port v0x34721c90, 434;
E_0x34680000/173 .event anyedge, v0x34721c90_431, v0x34721c90_432, v0x34721c90_433, v0x34721c90_434;
v0x34721c90_435 .array/port v0x34721c90, 435;
v0x34721c90_436 .array/port v0x34721c90, 436;
v0x34721c90_437 .array/port v0x34721c90, 437;
v0x34721c90_438 .array/port v0x34721c90, 438;
E_0x34680000/174 .event anyedge, v0x34721c90_435, v0x34721c90_436, v0x34721c90_437, v0x34721c90_438;
v0x34721c90_439 .array/port v0x34721c90, 439;
v0x34721c90_440 .array/port v0x34721c90, 440;
v0x34721c90_441 .array/port v0x34721c90, 441;
v0x34721c90_442 .array/port v0x34721c90, 442;
E_0x34680000/175 .event anyedge, v0x34721c90_439, v0x34721c90_440, v0x34721c90_441, v0x34721c90_442;
v0x34721c90_443 .array/port v0x34721c90, 443;
v0x34721c90_444 .array/port v0x34721c90, 444;
v0x34721c90_445 .array/port v0x34721c90, 445;
v0x34721c90_446 .array/port v0x34721c90, 446;
E_0x34680000/176 .event anyedge, v0x34721c90_443, v0x34721c90_444, v0x34721c90_445, v0x34721c90_446;
v0x34721c90_447 .array/port v0x34721c90, 447;
v0x34721c90_448 .array/port v0x34721c90, 448;
v0x34721c90_449 .array/port v0x34721c90, 449;
v0x34721c90_450 .array/port v0x34721c90, 450;
E_0x34680000/177 .event anyedge, v0x34721c90_447, v0x34721c90_448, v0x34721c90_449, v0x34721c90_450;
v0x34721c90_451 .array/port v0x34721c90, 451;
v0x34721c90_452 .array/port v0x34721c90, 452;
v0x34721c90_453 .array/port v0x34721c90, 453;
v0x34721c90_454 .array/port v0x34721c90, 454;
E_0x34680000/178 .event anyedge, v0x34721c90_451, v0x34721c90_452, v0x34721c90_453, v0x34721c90_454;
v0x34721c90_455 .array/port v0x34721c90, 455;
v0x34721c90_456 .array/port v0x34721c90, 456;
v0x34721c90_457 .array/port v0x34721c90, 457;
v0x34721c90_458 .array/port v0x34721c90, 458;
E_0x34680000/179 .event anyedge, v0x34721c90_455, v0x34721c90_456, v0x34721c90_457, v0x34721c90_458;
v0x34721c90_459 .array/port v0x34721c90, 459;
v0x34721c90_460 .array/port v0x34721c90, 460;
v0x34721c90_461 .array/port v0x34721c90, 461;
v0x34721c90_462 .array/port v0x34721c90, 462;
E_0x34680000/180 .event anyedge, v0x34721c90_459, v0x34721c90_460, v0x34721c90_461, v0x34721c90_462;
v0x34721c90_463 .array/port v0x34721c90, 463;
v0x34721c90_464 .array/port v0x34721c90, 464;
v0x34721c90_465 .array/port v0x34721c90, 465;
v0x34721c90_466 .array/port v0x34721c90, 466;
E_0x34680000/181 .event anyedge, v0x34721c90_463, v0x34721c90_464, v0x34721c90_465, v0x34721c90_466;
v0x34721c90_467 .array/port v0x34721c90, 467;
v0x34721c90_468 .array/port v0x34721c90, 468;
v0x34721c90_469 .array/port v0x34721c90, 469;
v0x34721c90_470 .array/port v0x34721c90, 470;
E_0x34680000/182 .event anyedge, v0x34721c90_467, v0x34721c90_468, v0x34721c90_469, v0x34721c90_470;
v0x34721c90_471 .array/port v0x34721c90, 471;
v0x34721c90_472 .array/port v0x34721c90, 472;
v0x34721c90_473 .array/port v0x34721c90, 473;
v0x34721c90_474 .array/port v0x34721c90, 474;
E_0x34680000/183 .event anyedge, v0x34721c90_471, v0x34721c90_472, v0x34721c90_473, v0x34721c90_474;
v0x34721c90_475 .array/port v0x34721c90, 475;
v0x34721c90_476 .array/port v0x34721c90, 476;
v0x34721c90_477 .array/port v0x34721c90, 477;
v0x34721c90_478 .array/port v0x34721c90, 478;
E_0x34680000/184 .event anyedge, v0x34721c90_475, v0x34721c90_476, v0x34721c90_477, v0x34721c90_478;
v0x34721c90_479 .array/port v0x34721c90, 479;
v0x34721c90_480 .array/port v0x34721c90, 480;
v0x34721c90_481 .array/port v0x34721c90, 481;
v0x34721c90_482 .array/port v0x34721c90, 482;
E_0x34680000/185 .event anyedge, v0x34721c90_479, v0x34721c90_480, v0x34721c90_481, v0x34721c90_482;
v0x34721c90_483 .array/port v0x34721c90, 483;
v0x34721c90_484 .array/port v0x34721c90, 484;
v0x34721c90_485 .array/port v0x34721c90, 485;
v0x34721c90_486 .array/port v0x34721c90, 486;
E_0x34680000/186 .event anyedge, v0x34721c90_483, v0x34721c90_484, v0x34721c90_485, v0x34721c90_486;
v0x34721c90_487 .array/port v0x34721c90, 487;
v0x34721c90_488 .array/port v0x34721c90, 488;
v0x34721c90_489 .array/port v0x34721c90, 489;
v0x34721c90_490 .array/port v0x34721c90, 490;
E_0x34680000/187 .event anyedge, v0x34721c90_487, v0x34721c90_488, v0x34721c90_489, v0x34721c90_490;
v0x34721c90_491 .array/port v0x34721c90, 491;
v0x34721c90_492 .array/port v0x34721c90, 492;
v0x34721c90_493 .array/port v0x34721c90, 493;
v0x34721c90_494 .array/port v0x34721c90, 494;
E_0x34680000/188 .event anyedge, v0x34721c90_491, v0x34721c90_492, v0x34721c90_493, v0x34721c90_494;
v0x34721c90_495 .array/port v0x34721c90, 495;
v0x34721c90_496 .array/port v0x34721c90, 496;
v0x34721c90_497 .array/port v0x34721c90, 497;
v0x34721c90_498 .array/port v0x34721c90, 498;
E_0x34680000/189 .event anyedge, v0x34721c90_495, v0x34721c90_496, v0x34721c90_497, v0x34721c90_498;
v0x34721c90_499 .array/port v0x34721c90, 499;
v0x34721c90_500 .array/port v0x34721c90, 500;
v0x34721c90_501 .array/port v0x34721c90, 501;
v0x34721c90_502 .array/port v0x34721c90, 502;
E_0x34680000/190 .event anyedge, v0x34721c90_499, v0x34721c90_500, v0x34721c90_501, v0x34721c90_502;
v0x34721c90_503 .array/port v0x34721c90, 503;
v0x34721c90_504 .array/port v0x34721c90, 504;
v0x34721c90_505 .array/port v0x34721c90, 505;
v0x34721c90_506 .array/port v0x34721c90, 506;
E_0x34680000/191 .event anyedge, v0x34721c90_503, v0x34721c90_504, v0x34721c90_505, v0x34721c90_506;
v0x34721c90_507 .array/port v0x34721c90, 507;
v0x34721c90_508 .array/port v0x34721c90, 508;
v0x34721c90_509 .array/port v0x34721c90, 509;
v0x34721c90_510 .array/port v0x34721c90, 510;
E_0x34680000/192 .event anyedge, v0x34721c90_507, v0x34721c90_508, v0x34721c90_509, v0x34721c90_510;
v0x34721c90_511 .array/port v0x34721c90, 511;
v0x34721c90_512 .array/port v0x34721c90, 512;
v0x34721c90_513 .array/port v0x34721c90, 513;
v0x34721c90_514 .array/port v0x34721c90, 514;
E_0x34680000/193 .event anyedge, v0x34721c90_511, v0x34721c90_512, v0x34721c90_513, v0x34721c90_514;
v0x34721c90_515 .array/port v0x34721c90, 515;
v0x34721c90_516 .array/port v0x34721c90, 516;
v0x34721c90_517 .array/port v0x34721c90, 517;
v0x34721c90_518 .array/port v0x34721c90, 518;
E_0x34680000/194 .event anyedge, v0x34721c90_515, v0x34721c90_516, v0x34721c90_517, v0x34721c90_518;
v0x34721c90_519 .array/port v0x34721c90, 519;
v0x34721c90_520 .array/port v0x34721c90, 520;
v0x34721c90_521 .array/port v0x34721c90, 521;
v0x34721c90_522 .array/port v0x34721c90, 522;
E_0x34680000/195 .event anyedge, v0x34721c90_519, v0x34721c90_520, v0x34721c90_521, v0x34721c90_522;
v0x34721c90_523 .array/port v0x34721c90, 523;
v0x34721c90_524 .array/port v0x34721c90, 524;
v0x34721c90_525 .array/port v0x34721c90, 525;
v0x34721c90_526 .array/port v0x34721c90, 526;
E_0x34680000/196 .event anyedge, v0x34721c90_523, v0x34721c90_524, v0x34721c90_525, v0x34721c90_526;
v0x34721c90_527 .array/port v0x34721c90, 527;
v0x34721c90_528 .array/port v0x34721c90, 528;
v0x34721c90_529 .array/port v0x34721c90, 529;
v0x34721c90_530 .array/port v0x34721c90, 530;
E_0x34680000/197 .event anyedge, v0x34721c90_527, v0x34721c90_528, v0x34721c90_529, v0x34721c90_530;
v0x34721c90_531 .array/port v0x34721c90, 531;
v0x34721c90_532 .array/port v0x34721c90, 532;
v0x34721c90_533 .array/port v0x34721c90, 533;
v0x34721c90_534 .array/port v0x34721c90, 534;
E_0x34680000/198 .event anyedge, v0x34721c90_531, v0x34721c90_532, v0x34721c90_533, v0x34721c90_534;
v0x34721c90_535 .array/port v0x34721c90, 535;
v0x34721c90_536 .array/port v0x34721c90, 536;
v0x34721c90_537 .array/port v0x34721c90, 537;
v0x34721c90_538 .array/port v0x34721c90, 538;
E_0x34680000/199 .event anyedge, v0x34721c90_535, v0x34721c90_536, v0x34721c90_537, v0x34721c90_538;
v0x34721c90_539 .array/port v0x34721c90, 539;
v0x34721c90_540 .array/port v0x34721c90, 540;
v0x34721c90_541 .array/port v0x34721c90, 541;
v0x34721c90_542 .array/port v0x34721c90, 542;
E_0x34680000/200 .event anyedge, v0x34721c90_539, v0x34721c90_540, v0x34721c90_541, v0x34721c90_542;
v0x34721c90_543 .array/port v0x34721c90, 543;
v0x34721c90_544 .array/port v0x34721c90, 544;
v0x34721c90_545 .array/port v0x34721c90, 545;
v0x34721c90_546 .array/port v0x34721c90, 546;
E_0x34680000/201 .event anyedge, v0x34721c90_543, v0x34721c90_544, v0x34721c90_545, v0x34721c90_546;
v0x34721c90_547 .array/port v0x34721c90, 547;
v0x34721c90_548 .array/port v0x34721c90, 548;
v0x34721c90_549 .array/port v0x34721c90, 549;
v0x34721c90_550 .array/port v0x34721c90, 550;
E_0x34680000/202 .event anyedge, v0x34721c90_547, v0x34721c90_548, v0x34721c90_549, v0x34721c90_550;
v0x34721c90_551 .array/port v0x34721c90, 551;
v0x34721c90_552 .array/port v0x34721c90, 552;
v0x34721c90_553 .array/port v0x34721c90, 553;
v0x34721c90_554 .array/port v0x34721c90, 554;
E_0x34680000/203 .event anyedge, v0x34721c90_551, v0x34721c90_552, v0x34721c90_553, v0x34721c90_554;
v0x34721c90_555 .array/port v0x34721c90, 555;
v0x34721c90_556 .array/port v0x34721c90, 556;
v0x34721c90_557 .array/port v0x34721c90, 557;
v0x34721c90_558 .array/port v0x34721c90, 558;
E_0x34680000/204 .event anyedge, v0x34721c90_555, v0x34721c90_556, v0x34721c90_557, v0x34721c90_558;
v0x34721c90_559 .array/port v0x34721c90, 559;
v0x34721c90_560 .array/port v0x34721c90, 560;
v0x34721c90_561 .array/port v0x34721c90, 561;
v0x34721c90_562 .array/port v0x34721c90, 562;
E_0x34680000/205 .event anyedge, v0x34721c90_559, v0x34721c90_560, v0x34721c90_561, v0x34721c90_562;
v0x34721c90_563 .array/port v0x34721c90, 563;
v0x34721c90_564 .array/port v0x34721c90, 564;
v0x34721c90_565 .array/port v0x34721c90, 565;
v0x34721c90_566 .array/port v0x34721c90, 566;
E_0x34680000/206 .event anyedge, v0x34721c90_563, v0x34721c90_564, v0x34721c90_565, v0x34721c90_566;
v0x34721c90_567 .array/port v0x34721c90, 567;
v0x34721c90_568 .array/port v0x34721c90, 568;
v0x34721c90_569 .array/port v0x34721c90, 569;
v0x34721c90_570 .array/port v0x34721c90, 570;
E_0x34680000/207 .event anyedge, v0x34721c90_567, v0x34721c90_568, v0x34721c90_569, v0x34721c90_570;
v0x34721c90_571 .array/port v0x34721c90, 571;
v0x34721c90_572 .array/port v0x34721c90, 572;
v0x34721c90_573 .array/port v0x34721c90, 573;
v0x34721c90_574 .array/port v0x34721c90, 574;
E_0x34680000/208 .event anyedge, v0x34721c90_571, v0x34721c90_572, v0x34721c90_573, v0x34721c90_574;
v0x34721c90_575 .array/port v0x34721c90, 575;
v0x34721c90_576 .array/port v0x34721c90, 576;
v0x34721c90_577 .array/port v0x34721c90, 577;
v0x34721c90_578 .array/port v0x34721c90, 578;
E_0x34680000/209 .event anyedge, v0x34721c90_575, v0x34721c90_576, v0x34721c90_577, v0x34721c90_578;
v0x34721c90_579 .array/port v0x34721c90, 579;
v0x34721c90_580 .array/port v0x34721c90, 580;
v0x34721c90_581 .array/port v0x34721c90, 581;
v0x34721c90_582 .array/port v0x34721c90, 582;
E_0x34680000/210 .event anyedge, v0x34721c90_579, v0x34721c90_580, v0x34721c90_581, v0x34721c90_582;
v0x34721c90_583 .array/port v0x34721c90, 583;
v0x34721c90_584 .array/port v0x34721c90, 584;
v0x34721c90_585 .array/port v0x34721c90, 585;
v0x34721c90_586 .array/port v0x34721c90, 586;
E_0x34680000/211 .event anyedge, v0x34721c90_583, v0x34721c90_584, v0x34721c90_585, v0x34721c90_586;
v0x34721c90_587 .array/port v0x34721c90, 587;
v0x34721c90_588 .array/port v0x34721c90, 588;
v0x34721c90_589 .array/port v0x34721c90, 589;
v0x34721c90_590 .array/port v0x34721c90, 590;
E_0x34680000/212 .event anyedge, v0x34721c90_587, v0x34721c90_588, v0x34721c90_589, v0x34721c90_590;
v0x34721c90_591 .array/port v0x34721c90, 591;
v0x34721c90_592 .array/port v0x34721c90, 592;
v0x34721c90_593 .array/port v0x34721c90, 593;
v0x34721c90_594 .array/port v0x34721c90, 594;
E_0x34680000/213 .event anyedge, v0x34721c90_591, v0x34721c90_592, v0x34721c90_593, v0x34721c90_594;
v0x34721c90_595 .array/port v0x34721c90, 595;
v0x34721c90_596 .array/port v0x34721c90, 596;
v0x34721c90_597 .array/port v0x34721c90, 597;
v0x34721c90_598 .array/port v0x34721c90, 598;
E_0x34680000/214 .event anyedge, v0x34721c90_595, v0x34721c90_596, v0x34721c90_597, v0x34721c90_598;
v0x34721c90_599 .array/port v0x34721c90, 599;
v0x34721c90_600 .array/port v0x34721c90, 600;
v0x34721c90_601 .array/port v0x34721c90, 601;
v0x34721c90_602 .array/port v0x34721c90, 602;
E_0x34680000/215 .event anyedge, v0x34721c90_599, v0x34721c90_600, v0x34721c90_601, v0x34721c90_602;
v0x34721c90_603 .array/port v0x34721c90, 603;
v0x34721c90_604 .array/port v0x34721c90, 604;
v0x34721c90_605 .array/port v0x34721c90, 605;
v0x34721c90_606 .array/port v0x34721c90, 606;
E_0x34680000/216 .event anyedge, v0x34721c90_603, v0x34721c90_604, v0x34721c90_605, v0x34721c90_606;
v0x34721c90_607 .array/port v0x34721c90, 607;
v0x34721c90_608 .array/port v0x34721c90, 608;
v0x34721c90_609 .array/port v0x34721c90, 609;
v0x34721c90_610 .array/port v0x34721c90, 610;
E_0x34680000/217 .event anyedge, v0x34721c90_607, v0x34721c90_608, v0x34721c90_609, v0x34721c90_610;
v0x34721c90_611 .array/port v0x34721c90, 611;
v0x34721c90_612 .array/port v0x34721c90, 612;
v0x34721c90_613 .array/port v0x34721c90, 613;
v0x34721c90_614 .array/port v0x34721c90, 614;
E_0x34680000/218 .event anyedge, v0x34721c90_611, v0x34721c90_612, v0x34721c90_613, v0x34721c90_614;
v0x34721c90_615 .array/port v0x34721c90, 615;
v0x34721c90_616 .array/port v0x34721c90, 616;
v0x34721c90_617 .array/port v0x34721c90, 617;
v0x34721c90_618 .array/port v0x34721c90, 618;
E_0x34680000/219 .event anyedge, v0x34721c90_615, v0x34721c90_616, v0x34721c90_617, v0x34721c90_618;
v0x34721c90_619 .array/port v0x34721c90, 619;
v0x34721c90_620 .array/port v0x34721c90, 620;
v0x34721c90_621 .array/port v0x34721c90, 621;
v0x34721c90_622 .array/port v0x34721c90, 622;
E_0x34680000/220 .event anyedge, v0x34721c90_619, v0x34721c90_620, v0x34721c90_621, v0x34721c90_622;
v0x34721c90_623 .array/port v0x34721c90, 623;
v0x34721c90_624 .array/port v0x34721c90, 624;
v0x34721c90_625 .array/port v0x34721c90, 625;
v0x34721c90_626 .array/port v0x34721c90, 626;
E_0x34680000/221 .event anyedge, v0x34721c90_623, v0x34721c90_624, v0x34721c90_625, v0x34721c90_626;
v0x34721c90_627 .array/port v0x34721c90, 627;
v0x34721c90_628 .array/port v0x34721c90, 628;
v0x34721c90_629 .array/port v0x34721c90, 629;
v0x34721c90_630 .array/port v0x34721c90, 630;
E_0x34680000/222 .event anyedge, v0x34721c90_627, v0x34721c90_628, v0x34721c90_629, v0x34721c90_630;
v0x34721c90_631 .array/port v0x34721c90, 631;
v0x34721c90_632 .array/port v0x34721c90, 632;
v0x34721c90_633 .array/port v0x34721c90, 633;
v0x34721c90_634 .array/port v0x34721c90, 634;
E_0x34680000/223 .event anyedge, v0x34721c90_631, v0x34721c90_632, v0x34721c90_633, v0x34721c90_634;
v0x34721c90_635 .array/port v0x34721c90, 635;
v0x34721c90_636 .array/port v0x34721c90, 636;
v0x34721c90_637 .array/port v0x34721c90, 637;
v0x34721c90_638 .array/port v0x34721c90, 638;
E_0x34680000/224 .event anyedge, v0x34721c90_635, v0x34721c90_636, v0x34721c90_637, v0x34721c90_638;
v0x34721c90_639 .array/port v0x34721c90, 639;
v0x34721c90_640 .array/port v0x34721c90, 640;
v0x34721c90_641 .array/port v0x34721c90, 641;
v0x34721c90_642 .array/port v0x34721c90, 642;
E_0x34680000/225 .event anyedge, v0x34721c90_639, v0x34721c90_640, v0x34721c90_641, v0x34721c90_642;
v0x34721c90_643 .array/port v0x34721c90, 643;
v0x34721c90_644 .array/port v0x34721c90, 644;
v0x34721c90_645 .array/port v0x34721c90, 645;
v0x34721c90_646 .array/port v0x34721c90, 646;
E_0x34680000/226 .event anyedge, v0x34721c90_643, v0x34721c90_644, v0x34721c90_645, v0x34721c90_646;
v0x34721c90_647 .array/port v0x34721c90, 647;
v0x34721c90_648 .array/port v0x34721c90, 648;
v0x34721c90_649 .array/port v0x34721c90, 649;
v0x34721c90_650 .array/port v0x34721c90, 650;
E_0x34680000/227 .event anyedge, v0x34721c90_647, v0x34721c90_648, v0x34721c90_649, v0x34721c90_650;
v0x34721c90_651 .array/port v0x34721c90, 651;
v0x34721c90_652 .array/port v0x34721c90, 652;
v0x34721c90_653 .array/port v0x34721c90, 653;
v0x34721c90_654 .array/port v0x34721c90, 654;
E_0x34680000/228 .event anyedge, v0x34721c90_651, v0x34721c90_652, v0x34721c90_653, v0x34721c90_654;
v0x34721c90_655 .array/port v0x34721c90, 655;
v0x34721c90_656 .array/port v0x34721c90, 656;
v0x34721c90_657 .array/port v0x34721c90, 657;
v0x34721c90_658 .array/port v0x34721c90, 658;
E_0x34680000/229 .event anyedge, v0x34721c90_655, v0x34721c90_656, v0x34721c90_657, v0x34721c90_658;
v0x34721c90_659 .array/port v0x34721c90, 659;
v0x34721c90_660 .array/port v0x34721c90, 660;
v0x34721c90_661 .array/port v0x34721c90, 661;
v0x34721c90_662 .array/port v0x34721c90, 662;
E_0x34680000/230 .event anyedge, v0x34721c90_659, v0x34721c90_660, v0x34721c90_661, v0x34721c90_662;
v0x34721c90_663 .array/port v0x34721c90, 663;
v0x34721c90_664 .array/port v0x34721c90, 664;
v0x34721c90_665 .array/port v0x34721c90, 665;
v0x34721c90_666 .array/port v0x34721c90, 666;
E_0x34680000/231 .event anyedge, v0x34721c90_663, v0x34721c90_664, v0x34721c90_665, v0x34721c90_666;
v0x34721c90_667 .array/port v0x34721c90, 667;
v0x34721c90_668 .array/port v0x34721c90, 668;
v0x34721c90_669 .array/port v0x34721c90, 669;
v0x34721c90_670 .array/port v0x34721c90, 670;
E_0x34680000/232 .event anyedge, v0x34721c90_667, v0x34721c90_668, v0x34721c90_669, v0x34721c90_670;
v0x34721c90_671 .array/port v0x34721c90, 671;
v0x34721c90_672 .array/port v0x34721c90, 672;
v0x34721c90_673 .array/port v0x34721c90, 673;
v0x34721c90_674 .array/port v0x34721c90, 674;
E_0x34680000/233 .event anyedge, v0x34721c90_671, v0x34721c90_672, v0x34721c90_673, v0x34721c90_674;
v0x34721c90_675 .array/port v0x34721c90, 675;
v0x34721c90_676 .array/port v0x34721c90, 676;
v0x34721c90_677 .array/port v0x34721c90, 677;
v0x34721c90_678 .array/port v0x34721c90, 678;
E_0x34680000/234 .event anyedge, v0x34721c90_675, v0x34721c90_676, v0x34721c90_677, v0x34721c90_678;
v0x34721c90_679 .array/port v0x34721c90, 679;
v0x34721c90_680 .array/port v0x34721c90, 680;
v0x34721c90_681 .array/port v0x34721c90, 681;
v0x34721c90_682 .array/port v0x34721c90, 682;
E_0x34680000/235 .event anyedge, v0x34721c90_679, v0x34721c90_680, v0x34721c90_681, v0x34721c90_682;
v0x34721c90_683 .array/port v0x34721c90, 683;
v0x34721c90_684 .array/port v0x34721c90, 684;
v0x34721c90_685 .array/port v0x34721c90, 685;
v0x34721c90_686 .array/port v0x34721c90, 686;
E_0x34680000/236 .event anyedge, v0x34721c90_683, v0x34721c90_684, v0x34721c90_685, v0x34721c90_686;
v0x34721c90_687 .array/port v0x34721c90, 687;
v0x34721c90_688 .array/port v0x34721c90, 688;
v0x34721c90_689 .array/port v0x34721c90, 689;
v0x34721c90_690 .array/port v0x34721c90, 690;
E_0x34680000/237 .event anyedge, v0x34721c90_687, v0x34721c90_688, v0x34721c90_689, v0x34721c90_690;
v0x34721c90_691 .array/port v0x34721c90, 691;
v0x34721c90_692 .array/port v0x34721c90, 692;
v0x34721c90_693 .array/port v0x34721c90, 693;
v0x34721c90_694 .array/port v0x34721c90, 694;
E_0x34680000/238 .event anyedge, v0x34721c90_691, v0x34721c90_692, v0x34721c90_693, v0x34721c90_694;
v0x34721c90_695 .array/port v0x34721c90, 695;
v0x34721c90_696 .array/port v0x34721c90, 696;
v0x34721c90_697 .array/port v0x34721c90, 697;
v0x34721c90_698 .array/port v0x34721c90, 698;
E_0x34680000/239 .event anyedge, v0x34721c90_695, v0x34721c90_696, v0x34721c90_697, v0x34721c90_698;
v0x34721c90_699 .array/port v0x34721c90, 699;
v0x34721c90_700 .array/port v0x34721c90, 700;
v0x34721c90_701 .array/port v0x34721c90, 701;
v0x34721c90_702 .array/port v0x34721c90, 702;
E_0x34680000/240 .event anyedge, v0x34721c90_699, v0x34721c90_700, v0x34721c90_701, v0x34721c90_702;
v0x34721c90_703 .array/port v0x34721c90, 703;
v0x34721c90_704 .array/port v0x34721c90, 704;
v0x34721c90_705 .array/port v0x34721c90, 705;
v0x34721c90_706 .array/port v0x34721c90, 706;
E_0x34680000/241 .event anyedge, v0x34721c90_703, v0x34721c90_704, v0x34721c90_705, v0x34721c90_706;
v0x34721c90_707 .array/port v0x34721c90, 707;
v0x34721c90_708 .array/port v0x34721c90, 708;
v0x34721c90_709 .array/port v0x34721c90, 709;
v0x34721c90_710 .array/port v0x34721c90, 710;
E_0x34680000/242 .event anyedge, v0x34721c90_707, v0x34721c90_708, v0x34721c90_709, v0x34721c90_710;
v0x34721c90_711 .array/port v0x34721c90, 711;
v0x34721c90_712 .array/port v0x34721c90, 712;
v0x34721c90_713 .array/port v0x34721c90, 713;
v0x34721c90_714 .array/port v0x34721c90, 714;
E_0x34680000/243 .event anyedge, v0x34721c90_711, v0x34721c90_712, v0x34721c90_713, v0x34721c90_714;
v0x34721c90_715 .array/port v0x34721c90, 715;
v0x34721c90_716 .array/port v0x34721c90, 716;
v0x34721c90_717 .array/port v0x34721c90, 717;
v0x34721c90_718 .array/port v0x34721c90, 718;
E_0x34680000/244 .event anyedge, v0x34721c90_715, v0x34721c90_716, v0x34721c90_717, v0x34721c90_718;
v0x34721c90_719 .array/port v0x34721c90, 719;
v0x34721c90_720 .array/port v0x34721c90, 720;
v0x34721c90_721 .array/port v0x34721c90, 721;
v0x34721c90_722 .array/port v0x34721c90, 722;
E_0x34680000/245 .event anyedge, v0x34721c90_719, v0x34721c90_720, v0x34721c90_721, v0x34721c90_722;
v0x34721c90_723 .array/port v0x34721c90, 723;
v0x34721c90_724 .array/port v0x34721c90, 724;
v0x34721c90_725 .array/port v0x34721c90, 725;
v0x34721c90_726 .array/port v0x34721c90, 726;
E_0x34680000/246 .event anyedge, v0x34721c90_723, v0x34721c90_724, v0x34721c90_725, v0x34721c90_726;
v0x34721c90_727 .array/port v0x34721c90, 727;
v0x34721c90_728 .array/port v0x34721c90, 728;
v0x34721c90_729 .array/port v0x34721c90, 729;
v0x34721c90_730 .array/port v0x34721c90, 730;
E_0x34680000/247 .event anyedge, v0x34721c90_727, v0x34721c90_728, v0x34721c90_729, v0x34721c90_730;
v0x34721c90_731 .array/port v0x34721c90, 731;
v0x34721c90_732 .array/port v0x34721c90, 732;
v0x34721c90_733 .array/port v0x34721c90, 733;
v0x34721c90_734 .array/port v0x34721c90, 734;
E_0x34680000/248 .event anyedge, v0x34721c90_731, v0x34721c90_732, v0x34721c90_733, v0x34721c90_734;
v0x34721c90_735 .array/port v0x34721c90, 735;
v0x34721c90_736 .array/port v0x34721c90, 736;
v0x34721c90_737 .array/port v0x34721c90, 737;
v0x34721c90_738 .array/port v0x34721c90, 738;
E_0x34680000/249 .event anyedge, v0x34721c90_735, v0x34721c90_736, v0x34721c90_737, v0x34721c90_738;
v0x34721c90_739 .array/port v0x34721c90, 739;
v0x34721c90_740 .array/port v0x34721c90, 740;
v0x34721c90_741 .array/port v0x34721c90, 741;
v0x34721c90_742 .array/port v0x34721c90, 742;
E_0x34680000/250 .event anyedge, v0x34721c90_739, v0x34721c90_740, v0x34721c90_741, v0x34721c90_742;
v0x34721c90_743 .array/port v0x34721c90, 743;
v0x34721c90_744 .array/port v0x34721c90, 744;
v0x34721c90_745 .array/port v0x34721c90, 745;
v0x34721c90_746 .array/port v0x34721c90, 746;
E_0x34680000/251 .event anyedge, v0x34721c90_743, v0x34721c90_744, v0x34721c90_745, v0x34721c90_746;
v0x34721c90_747 .array/port v0x34721c90, 747;
v0x34721c90_748 .array/port v0x34721c90, 748;
v0x34721c90_749 .array/port v0x34721c90, 749;
v0x34721c90_750 .array/port v0x34721c90, 750;
E_0x34680000/252 .event anyedge, v0x34721c90_747, v0x34721c90_748, v0x34721c90_749, v0x34721c90_750;
v0x34721c90_751 .array/port v0x34721c90, 751;
v0x34721c90_752 .array/port v0x34721c90, 752;
v0x34721c90_753 .array/port v0x34721c90, 753;
v0x34721c90_754 .array/port v0x34721c90, 754;
E_0x34680000/253 .event anyedge, v0x34721c90_751, v0x34721c90_752, v0x34721c90_753, v0x34721c90_754;
v0x34721c90_755 .array/port v0x34721c90, 755;
v0x34721c90_756 .array/port v0x34721c90, 756;
v0x34721c90_757 .array/port v0x34721c90, 757;
v0x34721c90_758 .array/port v0x34721c90, 758;
E_0x34680000/254 .event anyedge, v0x34721c90_755, v0x34721c90_756, v0x34721c90_757, v0x34721c90_758;
v0x34721c90_759 .array/port v0x34721c90, 759;
v0x34721c90_760 .array/port v0x34721c90, 760;
v0x34721c90_761 .array/port v0x34721c90, 761;
v0x34721c90_762 .array/port v0x34721c90, 762;
E_0x34680000/255 .event anyedge, v0x34721c90_759, v0x34721c90_760, v0x34721c90_761, v0x34721c90_762;
v0x34721c90_763 .array/port v0x34721c90, 763;
v0x34721c90_764 .array/port v0x34721c90, 764;
v0x34721c90_765 .array/port v0x34721c90, 765;
v0x34721c90_766 .array/port v0x34721c90, 766;
E_0x34680000/256 .event anyedge, v0x34721c90_763, v0x34721c90_764, v0x34721c90_765, v0x34721c90_766;
v0x34721c90_767 .array/port v0x34721c90, 767;
v0x34721c90_768 .array/port v0x34721c90, 768;
v0x34721c90_769 .array/port v0x34721c90, 769;
v0x34721c90_770 .array/port v0x34721c90, 770;
E_0x34680000/257 .event anyedge, v0x34721c90_767, v0x34721c90_768, v0x34721c90_769, v0x34721c90_770;
v0x34721c90_771 .array/port v0x34721c90, 771;
v0x34721c90_772 .array/port v0x34721c90, 772;
v0x34721c90_773 .array/port v0x34721c90, 773;
v0x34721c90_774 .array/port v0x34721c90, 774;
E_0x34680000/258 .event anyedge, v0x34721c90_771, v0x34721c90_772, v0x34721c90_773, v0x34721c90_774;
v0x34721c90_775 .array/port v0x34721c90, 775;
v0x34721c90_776 .array/port v0x34721c90, 776;
v0x34721c90_777 .array/port v0x34721c90, 777;
v0x34721c90_778 .array/port v0x34721c90, 778;
E_0x34680000/259 .event anyedge, v0x34721c90_775, v0x34721c90_776, v0x34721c90_777, v0x34721c90_778;
v0x34721c90_779 .array/port v0x34721c90, 779;
v0x34721c90_780 .array/port v0x34721c90, 780;
v0x34721c90_781 .array/port v0x34721c90, 781;
v0x34721c90_782 .array/port v0x34721c90, 782;
E_0x34680000/260 .event anyedge, v0x34721c90_779, v0x34721c90_780, v0x34721c90_781, v0x34721c90_782;
v0x34721c90_783 .array/port v0x34721c90, 783;
v0x34721c90_784 .array/port v0x34721c90, 784;
v0x34721c90_785 .array/port v0x34721c90, 785;
v0x34721c90_786 .array/port v0x34721c90, 786;
E_0x34680000/261 .event anyedge, v0x34721c90_783, v0x34721c90_784, v0x34721c90_785, v0x34721c90_786;
v0x34721c90_787 .array/port v0x34721c90, 787;
v0x34721c90_788 .array/port v0x34721c90, 788;
v0x34721c90_789 .array/port v0x34721c90, 789;
v0x34721c90_790 .array/port v0x34721c90, 790;
E_0x34680000/262 .event anyedge, v0x34721c90_787, v0x34721c90_788, v0x34721c90_789, v0x34721c90_790;
v0x34721c90_791 .array/port v0x34721c90, 791;
v0x34721c90_792 .array/port v0x34721c90, 792;
v0x34721c90_793 .array/port v0x34721c90, 793;
v0x34721c90_794 .array/port v0x34721c90, 794;
E_0x34680000/263 .event anyedge, v0x34721c90_791, v0x34721c90_792, v0x34721c90_793, v0x34721c90_794;
v0x34721c90_795 .array/port v0x34721c90, 795;
v0x34721c90_796 .array/port v0x34721c90, 796;
v0x34721c90_797 .array/port v0x34721c90, 797;
v0x34721c90_798 .array/port v0x34721c90, 798;
E_0x34680000/264 .event anyedge, v0x34721c90_795, v0x34721c90_796, v0x34721c90_797, v0x34721c90_798;
v0x34721c90_799 .array/port v0x34721c90, 799;
v0x34721c90_800 .array/port v0x34721c90, 800;
v0x34721c90_801 .array/port v0x34721c90, 801;
v0x34721c90_802 .array/port v0x34721c90, 802;
E_0x34680000/265 .event anyedge, v0x34721c90_799, v0x34721c90_800, v0x34721c90_801, v0x34721c90_802;
v0x34721c90_803 .array/port v0x34721c90, 803;
v0x34721c90_804 .array/port v0x34721c90, 804;
v0x34721c90_805 .array/port v0x34721c90, 805;
v0x34721c90_806 .array/port v0x34721c90, 806;
E_0x34680000/266 .event anyedge, v0x34721c90_803, v0x34721c90_804, v0x34721c90_805, v0x34721c90_806;
v0x34721c90_807 .array/port v0x34721c90, 807;
v0x34721c90_808 .array/port v0x34721c90, 808;
v0x34721c90_809 .array/port v0x34721c90, 809;
v0x34721c90_810 .array/port v0x34721c90, 810;
E_0x34680000/267 .event anyedge, v0x34721c90_807, v0x34721c90_808, v0x34721c90_809, v0x34721c90_810;
v0x34721c90_811 .array/port v0x34721c90, 811;
v0x34721c90_812 .array/port v0x34721c90, 812;
v0x34721c90_813 .array/port v0x34721c90, 813;
v0x34721c90_814 .array/port v0x34721c90, 814;
E_0x34680000/268 .event anyedge, v0x34721c90_811, v0x34721c90_812, v0x34721c90_813, v0x34721c90_814;
v0x34721c90_815 .array/port v0x34721c90, 815;
v0x34721c90_816 .array/port v0x34721c90, 816;
v0x34721c90_817 .array/port v0x34721c90, 817;
v0x34721c90_818 .array/port v0x34721c90, 818;
E_0x34680000/269 .event anyedge, v0x34721c90_815, v0x34721c90_816, v0x34721c90_817, v0x34721c90_818;
v0x34721c90_819 .array/port v0x34721c90, 819;
v0x34721c90_820 .array/port v0x34721c90, 820;
v0x34721c90_821 .array/port v0x34721c90, 821;
v0x34721c90_822 .array/port v0x34721c90, 822;
E_0x34680000/270 .event anyedge, v0x34721c90_819, v0x34721c90_820, v0x34721c90_821, v0x34721c90_822;
v0x34721c90_823 .array/port v0x34721c90, 823;
v0x34721c90_824 .array/port v0x34721c90, 824;
v0x34721c90_825 .array/port v0x34721c90, 825;
v0x34721c90_826 .array/port v0x34721c90, 826;
E_0x34680000/271 .event anyedge, v0x34721c90_823, v0x34721c90_824, v0x34721c90_825, v0x34721c90_826;
v0x34721c90_827 .array/port v0x34721c90, 827;
v0x34721c90_828 .array/port v0x34721c90, 828;
v0x34721c90_829 .array/port v0x34721c90, 829;
v0x34721c90_830 .array/port v0x34721c90, 830;
E_0x34680000/272 .event anyedge, v0x34721c90_827, v0x34721c90_828, v0x34721c90_829, v0x34721c90_830;
v0x34721c90_831 .array/port v0x34721c90, 831;
v0x34721c90_832 .array/port v0x34721c90, 832;
v0x34721c90_833 .array/port v0x34721c90, 833;
v0x34721c90_834 .array/port v0x34721c90, 834;
E_0x34680000/273 .event anyedge, v0x34721c90_831, v0x34721c90_832, v0x34721c90_833, v0x34721c90_834;
v0x34721c90_835 .array/port v0x34721c90, 835;
v0x34721c90_836 .array/port v0x34721c90, 836;
v0x34721c90_837 .array/port v0x34721c90, 837;
v0x34721c90_838 .array/port v0x34721c90, 838;
E_0x34680000/274 .event anyedge, v0x34721c90_835, v0x34721c90_836, v0x34721c90_837, v0x34721c90_838;
v0x34721c90_839 .array/port v0x34721c90, 839;
v0x34721c90_840 .array/port v0x34721c90, 840;
v0x34721c90_841 .array/port v0x34721c90, 841;
v0x34721c90_842 .array/port v0x34721c90, 842;
E_0x34680000/275 .event anyedge, v0x34721c90_839, v0x34721c90_840, v0x34721c90_841, v0x34721c90_842;
v0x34721c90_843 .array/port v0x34721c90, 843;
v0x34721c90_844 .array/port v0x34721c90, 844;
v0x34721c90_845 .array/port v0x34721c90, 845;
v0x34721c90_846 .array/port v0x34721c90, 846;
E_0x34680000/276 .event anyedge, v0x34721c90_843, v0x34721c90_844, v0x34721c90_845, v0x34721c90_846;
v0x34721c90_847 .array/port v0x34721c90, 847;
v0x34721c90_848 .array/port v0x34721c90, 848;
v0x34721c90_849 .array/port v0x34721c90, 849;
v0x34721c90_850 .array/port v0x34721c90, 850;
E_0x34680000/277 .event anyedge, v0x34721c90_847, v0x34721c90_848, v0x34721c90_849, v0x34721c90_850;
v0x34721c90_851 .array/port v0x34721c90, 851;
v0x34721c90_852 .array/port v0x34721c90, 852;
v0x34721c90_853 .array/port v0x34721c90, 853;
v0x34721c90_854 .array/port v0x34721c90, 854;
E_0x34680000/278 .event anyedge, v0x34721c90_851, v0x34721c90_852, v0x34721c90_853, v0x34721c90_854;
v0x34721c90_855 .array/port v0x34721c90, 855;
v0x34721c90_856 .array/port v0x34721c90, 856;
v0x34721c90_857 .array/port v0x34721c90, 857;
v0x34721c90_858 .array/port v0x34721c90, 858;
E_0x34680000/279 .event anyedge, v0x34721c90_855, v0x34721c90_856, v0x34721c90_857, v0x34721c90_858;
v0x34721c90_859 .array/port v0x34721c90, 859;
v0x34721c90_860 .array/port v0x34721c90, 860;
v0x34721c90_861 .array/port v0x34721c90, 861;
v0x34721c90_862 .array/port v0x34721c90, 862;
E_0x34680000/280 .event anyedge, v0x34721c90_859, v0x34721c90_860, v0x34721c90_861, v0x34721c90_862;
v0x34721c90_863 .array/port v0x34721c90, 863;
v0x34721c90_864 .array/port v0x34721c90, 864;
v0x34721c90_865 .array/port v0x34721c90, 865;
v0x34721c90_866 .array/port v0x34721c90, 866;
E_0x34680000/281 .event anyedge, v0x34721c90_863, v0x34721c90_864, v0x34721c90_865, v0x34721c90_866;
v0x34721c90_867 .array/port v0x34721c90, 867;
v0x34721c90_868 .array/port v0x34721c90, 868;
v0x34721c90_869 .array/port v0x34721c90, 869;
v0x34721c90_870 .array/port v0x34721c90, 870;
E_0x34680000/282 .event anyedge, v0x34721c90_867, v0x34721c90_868, v0x34721c90_869, v0x34721c90_870;
v0x34721c90_871 .array/port v0x34721c90, 871;
v0x34721c90_872 .array/port v0x34721c90, 872;
v0x34721c90_873 .array/port v0x34721c90, 873;
v0x34721c90_874 .array/port v0x34721c90, 874;
E_0x34680000/283 .event anyedge, v0x34721c90_871, v0x34721c90_872, v0x34721c90_873, v0x34721c90_874;
v0x34721c90_875 .array/port v0x34721c90, 875;
v0x34721c90_876 .array/port v0x34721c90, 876;
v0x34721c90_877 .array/port v0x34721c90, 877;
v0x34721c90_878 .array/port v0x34721c90, 878;
E_0x34680000/284 .event anyedge, v0x34721c90_875, v0x34721c90_876, v0x34721c90_877, v0x34721c90_878;
v0x34721c90_879 .array/port v0x34721c90, 879;
v0x34721c90_880 .array/port v0x34721c90, 880;
v0x34721c90_881 .array/port v0x34721c90, 881;
v0x34721c90_882 .array/port v0x34721c90, 882;
E_0x34680000/285 .event anyedge, v0x34721c90_879, v0x34721c90_880, v0x34721c90_881, v0x34721c90_882;
v0x34721c90_883 .array/port v0x34721c90, 883;
v0x34721c90_884 .array/port v0x34721c90, 884;
v0x34721c90_885 .array/port v0x34721c90, 885;
v0x34721c90_886 .array/port v0x34721c90, 886;
E_0x34680000/286 .event anyedge, v0x34721c90_883, v0x34721c90_884, v0x34721c90_885, v0x34721c90_886;
v0x34721c90_887 .array/port v0x34721c90, 887;
v0x34721c90_888 .array/port v0x34721c90, 888;
v0x34721c90_889 .array/port v0x34721c90, 889;
v0x34721c90_890 .array/port v0x34721c90, 890;
E_0x34680000/287 .event anyedge, v0x34721c90_887, v0x34721c90_888, v0x34721c90_889, v0x34721c90_890;
v0x34721c90_891 .array/port v0x34721c90, 891;
v0x34721c90_892 .array/port v0x34721c90, 892;
v0x34721c90_893 .array/port v0x34721c90, 893;
v0x34721c90_894 .array/port v0x34721c90, 894;
E_0x34680000/288 .event anyedge, v0x34721c90_891, v0x34721c90_892, v0x34721c90_893, v0x34721c90_894;
v0x34721c90_895 .array/port v0x34721c90, 895;
v0x34721c90_896 .array/port v0x34721c90, 896;
v0x34721c90_897 .array/port v0x34721c90, 897;
v0x34721c90_898 .array/port v0x34721c90, 898;
E_0x34680000/289 .event anyedge, v0x34721c90_895, v0x34721c90_896, v0x34721c90_897, v0x34721c90_898;
v0x34721c90_899 .array/port v0x34721c90, 899;
v0x34721c90_900 .array/port v0x34721c90, 900;
v0x34721c90_901 .array/port v0x34721c90, 901;
v0x34721c90_902 .array/port v0x34721c90, 902;
E_0x34680000/290 .event anyedge, v0x34721c90_899, v0x34721c90_900, v0x34721c90_901, v0x34721c90_902;
v0x34721c90_903 .array/port v0x34721c90, 903;
v0x34721c90_904 .array/port v0x34721c90, 904;
v0x34721c90_905 .array/port v0x34721c90, 905;
v0x34721c90_906 .array/port v0x34721c90, 906;
E_0x34680000/291 .event anyedge, v0x34721c90_903, v0x34721c90_904, v0x34721c90_905, v0x34721c90_906;
v0x34721c90_907 .array/port v0x34721c90, 907;
v0x34721c90_908 .array/port v0x34721c90, 908;
v0x34721c90_909 .array/port v0x34721c90, 909;
v0x34721c90_910 .array/port v0x34721c90, 910;
E_0x34680000/292 .event anyedge, v0x34721c90_907, v0x34721c90_908, v0x34721c90_909, v0x34721c90_910;
v0x34721c90_911 .array/port v0x34721c90, 911;
v0x34721c90_912 .array/port v0x34721c90, 912;
v0x34721c90_913 .array/port v0x34721c90, 913;
v0x34721c90_914 .array/port v0x34721c90, 914;
E_0x34680000/293 .event anyedge, v0x34721c90_911, v0x34721c90_912, v0x34721c90_913, v0x34721c90_914;
v0x34721c90_915 .array/port v0x34721c90, 915;
v0x34721c90_916 .array/port v0x34721c90, 916;
v0x34721c90_917 .array/port v0x34721c90, 917;
v0x34721c90_918 .array/port v0x34721c90, 918;
E_0x34680000/294 .event anyedge, v0x34721c90_915, v0x34721c90_916, v0x34721c90_917, v0x34721c90_918;
v0x34721c90_919 .array/port v0x34721c90, 919;
v0x34721c90_920 .array/port v0x34721c90, 920;
v0x34721c90_921 .array/port v0x34721c90, 921;
v0x34721c90_922 .array/port v0x34721c90, 922;
E_0x34680000/295 .event anyedge, v0x34721c90_919, v0x34721c90_920, v0x34721c90_921, v0x34721c90_922;
v0x34721c90_923 .array/port v0x34721c90, 923;
v0x34721c90_924 .array/port v0x34721c90, 924;
v0x34721c90_925 .array/port v0x34721c90, 925;
v0x34721c90_926 .array/port v0x34721c90, 926;
E_0x34680000/296 .event anyedge, v0x34721c90_923, v0x34721c90_924, v0x34721c90_925, v0x34721c90_926;
v0x34721c90_927 .array/port v0x34721c90, 927;
v0x34721c90_928 .array/port v0x34721c90, 928;
v0x34721c90_929 .array/port v0x34721c90, 929;
v0x34721c90_930 .array/port v0x34721c90, 930;
E_0x34680000/297 .event anyedge, v0x34721c90_927, v0x34721c90_928, v0x34721c90_929, v0x34721c90_930;
v0x34721c90_931 .array/port v0x34721c90, 931;
v0x34721c90_932 .array/port v0x34721c90, 932;
v0x34721c90_933 .array/port v0x34721c90, 933;
v0x34721c90_934 .array/port v0x34721c90, 934;
E_0x34680000/298 .event anyedge, v0x34721c90_931, v0x34721c90_932, v0x34721c90_933, v0x34721c90_934;
v0x34721c90_935 .array/port v0x34721c90, 935;
v0x34721c90_936 .array/port v0x34721c90, 936;
v0x34721c90_937 .array/port v0x34721c90, 937;
v0x34721c90_938 .array/port v0x34721c90, 938;
E_0x34680000/299 .event anyedge, v0x34721c90_935, v0x34721c90_936, v0x34721c90_937, v0x34721c90_938;
v0x34721c90_939 .array/port v0x34721c90, 939;
v0x34721c90_940 .array/port v0x34721c90, 940;
v0x34721c90_941 .array/port v0x34721c90, 941;
v0x34721c90_942 .array/port v0x34721c90, 942;
E_0x34680000/300 .event anyedge, v0x34721c90_939, v0x34721c90_940, v0x34721c90_941, v0x34721c90_942;
v0x34721c90_943 .array/port v0x34721c90, 943;
v0x34721c90_944 .array/port v0x34721c90, 944;
v0x34721c90_945 .array/port v0x34721c90, 945;
v0x34721c90_946 .array/port v0x34721c90, 946;
E_0x34680000/301 .event anyedge, v0x34721c90_943, v0x34721c90_944, v0x34721c90_945, v0x34721c90_946;
v0x34721c90_947 .array/port v0x34721c90, 947;
v0x34721c90_948 .array/port v0x34721c90, 948;
v0x34721c90_949 .array/port v0x34721c90, 949;
v0x34721c90_950 .array/port v0x34721c90, 950;
E_0x34680000/302 .event anyedge, v0x34721c90_947, v0x34721c90_948, v0x34721c90_949, v0x34721c90_950;
v0x34721c90_951 .array/port v0x34721c90, 951;
v0x34721c90_952 .array/port v0x34721c90, 952;
v0x34721c90_953 .array/port v0x34721c90, 953;
v0x34721c90_954 .array/port v0x34721c90, 954;
E_0x34680000/303 .event anyedge, v0x34721c90_951, v0x34721c90_952, v0x34721c90_953, v0x34721c90_954;
v0x34721c90_955 .array/port v0x34721c90, 955;
v0x34721c90_956 .array/port v0x34721c90, 956;
v0x34721c90_957 .array/port v0x34721c90, 957;
v0x34721c90_958 .array/port v0x34721c90, 958;
E_0x34680000/304 .event anyedge, v0x34721c90_955, v0x34721c90_956, v0x34721c90_957, v0x34721c90_958;
v0x34721c90_959 .array/port v0x34721c90, 959;
v0x34721c90_960 .array/port v0x34721c90, 960;
v0x34721c90_961 .array/port v0x34721c90, 961;
v0x34721c90_962 .array/port v0x34721c90, 962;
E_0x34680000/305 .event anyedge, v0x34721c90_959, v0x34721c90_960, v0x34721c90_961, v0x34721c90_962;
v0x34721c90_963 .array/port v0x34721c90, 963;
v0x34721c90_964 .array/port v0x34721c90, 964;
v0x34721c90_965 .array/port v0x34721c90, 965;
v0x34721c90_966 .array/port v0x34721c90, 966;
E_0x34680000/306 .event anyedge, v0x34721c90_963, v0x34721c90_964, v0x34721c90_965, v0x34721c90_966;
v0x34721c90_967 .array/port v0x34721c90, 967;
v0x34721c90_968 .array/port v0x34721c90, 968;
v0x34721c90_969 .array/port v0x34721c90, 969;
v0x34721c90_970 .array/port v0x34721c90, 970;
E_0x34680000/307 .event anyedge, v0x34721c90_967, v0x34721c90_968, v0x34721c90_969, v0x34721c90_970;
v0x34721c90_971 .array/port v0x34721c90, 971;
v0x34721c90_972 .array/port v0x34721c90, 972;
v0x34721c90_973 .array/port v0x34721c90, 973;
v0x34721c90_974 .array/port v0x34721c90, 974;
E_0x34680000/308 .event anyedge, v0x34721c90_971, v0x34721c90_972, v0x34721c90_973, v0x34721c90_974;
v0x34721c90_975 .array/port v0x34721c90, 975;
v0x34721c90_976 .array/port v0x34721c90, 976;
v0x34721c90_977 .array/port v0x34721c90, 977;
v0x34721c90_978 .array/port v0x34721c90, 978;
E_0x34680000/309 .event anyedge, v0x34721c90_975, v0x34721c90_976, v0x34721c90_977, v0x34721c90_978;
v0x34721c90_979 .array/port v0x34721c90, 979;
v0x34721c90_980 .array/port v0x34721c90, 980;
v0x34721c90_981 .array/port v0x34721c90, 981;
v0x34721c90_982 .array/port v0x34721c90, 982;
E_0x34680000/310 .event anyedge, v0x34721c90_979, v0x34721c90_980, v0x34721c90_981, v0x34721c90_982;
v0x34721c90_983 .array/port v0x34721c90, 983;
v0x34721c90_984 .array/port v0x34721c90, 984;
v0x34721c90_985 .array/port v0x34721c90, 985;
v0x34721c90_986 .array/port v0x34721c90, 986;
E_0x34680000/311 .event anyedge, v0x34721c90_983, v0x34721c90_984, v0x34721c90_985, v0x34721c90_986;
v0x34721c90_987 .array/port v0x34721c90, 987;
v0x34721c90_988 .array/port v0x34721c90, 988;
v0x34721c90_989 .array/port v0x34721c90, 989;
v0x34721c90_990 .array/port v0x34721c90, 990;
E_0x34680000/312 .event anyedge, v0x34721c90_987, v0x34721c90_988, v0x34721c90_989, v0x34721c90_990;
v0x34721c90_991 .array/port v0x34721c90, 991;
v0x34721c90_992 .array/port v0x34721c90, 992;
v0x34721c90_993 .array/port v0x34721c90, 993;
v0x34721c90_994 .array/port v0x34721c90, 994;
E_0x34680000/313 .event anyedge, v0x34721c90_991, v0x34721c90_992, v0x34721c90_993, v0x34721c90_994;
v0x34721c90_995 .array/port v0x34721c90, 995;
v0x34721c90_996 .array/port v0x34721c90, 996;
v0x34721c90_997 .array/port v0x34721c90, 997;
v0x34721c90_998 .array/port v0x34721c90, 998;
E_0x34680000/314 .event anyedge, v0x34721c90_995, v0x34721c90_996, v0x34721c90_997, v0x34721c90_998;
v0x34721c90_999 .array/port v0x34721c90, 999;
v0x34721c90_1000 .array/port v0x34721c90, 1000;
v0x34721c90_1001 .array/port v0x34721c90, 1001;
v0x34721c90_1002 .array/port v0x34721c90, 1002;
E_0x34680000/315 .event anyedge, v0x34721c90_999, v0x34721c90_1000, v0x34721c90_1001, v0x34721c90_1002;
v0x34721c90_1003 .array/port v0x34721c90, 1003;
v0x34721c90_1004 .array/port v0x34721c90, 1004;
v0x34721c90_1005 .array/port v0x34721c90, 1005;
v0x34721c90_1006 .array/port v0x34721c90, 1006;
E_0x34680000/316 .event anyedge, v0x34721c90_1003, v0x34721c90_1004, v0x34721c90_1005, v0x34721c90_1006;
v0x34721c90_1007 .array/port v0x34721c90, 1007;
v0x34721c90_1008 .array/port v0x34721c90, 1008;
v0x34721c90_1009 .array/port v0x34721c90, 1009;
v0x34721c90_1010 .array/port v0x34721c90, 1010;
E_0x34680000/317 .event anyedge, v0x34721c90_1007, v0x34721c90_1008, v0x34721c90_1009, v0x34721c90_1010;
v0x34721c90_1011 .array/port v0x34721c90, 1011;
v0x34721c90_1012 .array/port v0x34721c90, 1012;
v0x34721c90_1013 .array/port v0x34721c90, 1013;
v0x34721c90_1014 .array/port v0x34721c90, 1014;
E_0x34680000/318 .event anyedge, v0x34721c90_1011, v0x34721c90_1012, v0x34721c90_1013, v0x34721c90_1014;
v0x34721c90_1015 .array/port v0x34721c90, 1015;
v0x34721c90_1016 .array/port v0x34721c90, 1016;
v0x34721c90_1017 .array/port v0x34721c90, 1017;
v0x34721c90_1018 .array/port v0x34721c90, 1018;
E_0x34680000/319 .event anyedge, v0x34721c90_1015, v0x34721c90_1016, v0x34721c90_1017, v0x34721c90_1018;
v0x34721c90_1019 .array/port v0x34721c90, 1019;
v0x34721c90_1020 .array/port v0x34721c90, 1020;
v0x34721c90_1021 .array/port v0x34721c90, 1021;
v0x34721c90_1022 .array/port v0x34721c90, 1022;
E_0x34680000/320 .event anyedge, v0x34721c90_1019, v0x34721c90_1020, v0x34721c90_1021, v0x34721c90_1022;
v0x34721c90_1023 .array/port v0x34721c90, 1023;
v0x3472f4f0_0 .array/port v0x3472f4f0, 0;
v0x3472f4f0_1 .array/port v0x3472f4f0, 1;
v0x3472f4f0_2 .array/port v0x3472f4f0, 2;
E_0x34680000/321 .event anyedge, v0x34721c90_1023, v0x3472f4f0_0, v0x3472f4f0_1, v0x3472f4f0_2;
v0x3472f4f0_3 .array/port v0x3472f4f0, 3;
v0x3472f4f0_4 .array/port v0x3472f4f0, 4;
v0x3472f4f0_5 .array/port v0x3472f4f0, 5;
v0x3472f4f0_6 .array/port v0x3472f4f0, 6;
E_0x34680000/322 .event anyedge, v0x3472f4f0_3, v0x3472f4f0_4, v0x3472f4f0_5, v0x3472f4f0_6;
v0x3472f4f0_7 .array/port v0x3472f4f0, 7;
v0x3472f4f0_8 .array/port v0x3472f4f0, 8;
v0x3472f4f0_9 .array/port v0x3472f4f0, 9;
v0x3472f4f0_10 .array/port v0x3472f4f0, 10;
E_0x34680000/323 .event anyedge, v0x3472f4f0_7, v0x3472f4f0_8, v0x3472f4f0_9, v0x3472f4f0_10;
v0x3472f4f0_11 .array/port v0x3472f4f0, 11;
v0x3472f4f0_12 .array/port v0x3472f4f0, 12;
v0x3472f4f0_13 .array/port v0x3472f4f0, 13;
v0x3472f4f0_14 .array/port v0x3472f4f0, 14;
E_0x34680000/324 .event anyedge, v0x3472f4f0_11, v0x3472f4f0_12, v0x3472f4f0_13, v0x3472f4f0_14;
v0x3472f4f0_15 .array/port v0x3472f4f0, 15;
v0x3472f4f0_16 .array/port v0x3472f4f0, 16;
v0x3472f4f0_17 .array/port v0x3472f4f0, 17;
v0x3472f4f0_18 .array/port v0x3472f4f0, 18;
E_0x34680000/325 .event anyedge, v0x3472f4f0_15, v0x3472f4f0_16, v0x3472f4f0_17, v0x3472f4f0_18;
v0x3472f4f0_19 .array/port v0x3472f4f0, 19;
v0x3472f4f0_20 .array/port v0x3472f4f0, 20;
v0x3472f4f0_21 .array/port v0x3472f4f0, 21;
v0x3472f4f0_22 .array/port v0x3472f4f0, 22;
E_0x34680000/326 .event anyedge, v0x3472f4f0_19, v0x3472f4f0_20, v0x3472f4f0_21, v0x3472f4f0_22;
v0x3472f4f0_23 .array/port v0x3472f4f0, 23;
v0x3472f4f0_24 .array/port v0x3472f4f0, 24;
v0x3472f4f0_25 .array/port v0x3472f4f0, 25;
v0x3472f4f0_26 .array/port v0x3472f4f0, 26;
E_0x34680000/327 .event anyedge, v0x3472f4f0_23, v0x3472f4f0_24, v0x3472f4f0_25, v0x3472f4f0_26;
v0x3472f4f0_27 .array/port v0x3472f4f0, 27;
v0x3472f4f0_28 .array/port v0x3472f4f0, 28;
v0x3472f4f0_29 .array/port v0x3472f4f0, 29;
v0x3472f4f0_30 .array/port v0x3472f4f0, 30;
E_0x34680000/328 .event anyedge, v0x3472f4f0_27, v0x3472f4f0_28, v0x3472f4f0_29, v0x3472f4f0_30;
v0x3472f4f0_31 .array/port v0x3472f4f0, 31;
v0x3472f4f0_32 .array/port v0x3472f4f0, 32;
v0x3472f4f0_33 .array/port v0x3472f4f0, 33;
v0x3472f4f0_34 .array/port v0x3472f4f0, 34;
E_0x34680000/329 .event anyedge, v0x3472f4f0_31, v0x3472f4f0_32, v0x3472f4f0_33, v0x3472f4f0_34;
v0x3472f4f0_35 .array/port v0x3472f4f0, 35;
v0x3472f4f0_36 .array/port v0x3472f4f0, 36;
v0x3472f4f0_37 .array/port v0x3472f4f0, 37;
v0x3472f4f0_38 .array/port v0x3472f4f0, 38;
E_0x34680000/330 .event anyedge, v0x3472f4f0_35, v0x3472f4f0_36, v0x3472f4f0_37, v0x3472f4f0_38;
v0x3472f4f0_39 .array/port v0x3472f4f0, 39;
v0x3472f4f0_40 .array/port v0x3472f4f0, 40;
v0x3472f4f0_41 .array/port v0x3472f4f0, 41;
v0x3472f4f0_42 .array/port v0x3472f4f0, 42;
E_0x34680000/331 .event anyedge, v0x3472f4f0_39, v0x3472f4f0_40, v0x3472f4f0_41, v0x3472f4f0_42;
v0x3472f4f0_43 .array/port v0x3472f4f0, 43;
v0x3472f4f0_44 .array/port v0x3472f4f0, 44;
v0x3472f4f0_45 .array/port v0x3472f4f0, 45;
v0x3472f4f0_46 .array/port v0x3472f4f0, 46;
E_0x34680000/332 .event anyedge, v0x3472f4f0_43, v0x3472f4f0_44, v0x3472f4f0_45, v0x3472f4f0_46;
v0x3472f4f0_47 .array/port v0x3472f4f0, 47;
v0x3472f4f0_48 .array/port v0x3472f4f0, 48;
v0x3472f4f0_49 .array/port v0x3472f4f0, 49;
v0x3472f4f0_50 .array/port v0x3472f4f0, 50;
E_0x34680000/333 .event anyedge, v0x3472f4f0_47, v0x3472f4f0_48, v0x3472f4f0_49, v0x3472f4f0_50;
v0x3472f4f0_51 .array/port v0x3472f4f0, 51;
v0x3472f4f0_52 .array/port v0x3472f4f0, 52;
v0x3472f4f0_53 .array/port v0x3472f4f0, 53;
v0x3472f4f0_54 .array/port v0x3472f4f0, 54;
E_0x34680000/334 .event anyedge, v0x3472f4f0_51, v0x3472f4f0_52, v0x3472f4f0_53, v0x3472f4f0_54;
v0x3472f4f0_55 .array/port v0x3472f4f0, 55;
v0x3472f4f0_56 .array/port v0x3472f4f0, 56;
v0x3472f4f0_57 .array/port v0x3472f4f0, 57;
v0x3472f4f0_58 .array/port v0x3472f4f0, 58;
E_0x34680000/335 .event anyedge, v0x3472f4f0_55, v0x3472f4f0_56, v0x3472f4f0_57, v0x3472f4f0_58;
v0x3472f4f0_59 .array/port v0x3472f4f0, 59;
v0x3472f4f0_60 .array/port v0x3472f4f0, 60;
v0x3472f4f0_61 .array/port v0x3472f4f0, 61;
v0x3472f4f0_62 .array/port v0x3472f4f0, 62;
E_0x34680000/336 .event anyedge, v0x3472f4f0_59, v0x3472f4f0_60, v0x3472f4f0_61, v0x3472f4f0_62;
v0x3472f4f0_63 .array/port v0x3472f4f0, 63;
v0x3472f4f0_64 .array/port v0x3472f4f0, 64;
v0x3472f4f0_65 .array/port v0x3472f4f0, 65;
v0x3472f4f0_66 .array/port v0x3472f4f0, 66;
E_0x34680000/337 .event anyedge, v0x3472f4f0_63, v0x3472f4f0_64, v0x3472f4f0_65, v0x3472f4f0_66;
v0x3472f4f0_67 .array/port v0x3472f4f0, 67;
v0x3472f4f0_68 .array/port v0x3472f4f0, 68;
v0x3472f4f0_69 .array/port v0x3472f4f0, 69;
v0x3472f4f0_70 .array/port v0x3472f4f0, 70;
E_0x34680000/338 .event anyedge, v0x3472f4f0_67, v0x3472f4f0_68, v0x3472f4f0_69, v0x3472f4f0_70;
v0x3472f4f0_71 .array/port v0x3472f4f0, 71;
v0x3472f4f0_72 .array/port v0x3472f4f0, 72;
v0x3472f4f0_73 .array/port v0x3472f4f0, 73;
v0x3472f4f0_74 .array/port v0x3472f4f0, 74;
E_0x34680000/339 .event anyedge, v0x3472f4f0_71, v0x3472f4f0_72, v0x3472f4f0_73, v0x3472f4f0_74;
v0x3472f4f0_75 .array/port v0x3472f4f0, 75;
v0x3472f4f0_76 .array/port v0x3472f4f0, 76;
v0x3472f4f0_77 .array/port v0x3472f4f0, 77;
v0x3472f4f0_78 .array/port v0x3472f4f0, 78;
E_0x34680000/340 .event anyedge, v0x3472f4f0_75, v0x3472f4f0_76, v0x3472f4f0_77, v0x3472f4f0_78;
v0x3472f4f0_79 .array/port v0x3472f4f0, 79;
v0x3472f4f0_80 .array/port v0x3472f4f0, 80;
v0x3472f4f0_81 .array/port v0x3472f4f0, 81;
v0x3472f4f0_82 .array/port v0x3472f4f0, 82;
E_0x34680000/341 .event anyedge, v0x3472f4f0_79, v0x3472f4f0_80, v0x3472f4f0_81, v0x3472f4f0_82;
v0x3472f4f0_83 .array/port v0x3472f4f0, 83;
v0x3472f4f0_84 .array/port v0x3472f4f0, 84;
v0x3472f4f0_85 .array/port v0x3472f4f0, 85;
v0x3472f4f0_86 .array/port v0x3472f4f0, 86;
E_0x34680000/342 .event anyedge, v0x3472f4f0_83, v0x3472f4f0_84, v0x3472f4f0_85, v0x3472f4f0_86;
v0x3472f4f0_87 .array/port v0x3472f4f0, 87;
v0x3472f4f0_88 .array/port v0x3472f4f0, 88;
v0x3472f4f0_89 .array/port v0x3472f4f0, 89;
v0x3472f4f0_90 .array/port v0x3472f4f0, 90;
E_0x34680000/343 .event anyedge, v0x3472f4f0_87, v0x3472f4f0_88, v0x3472f4f0_89, v0x3472f4f0_90;
v0x3472f4f0_91 .array/port v0x3472f4f0, 91;
v0x3472f4f0_92 .array/port v0x3472f4f0, 92;
v0x3472f4f0_93 .array/port v0x3472f4f0, 93;
v0x3472f4f0_94 .array/port v0x3472f4f0, 94;
E_0x34680000/344 .event anyedge, v0x3472f4f0_91, v0x3472f4f0_92, v0x3472f4f0_93, v0x3472f4f0_94;
v0x3472f4f0_95 .array/port v0x3472f4f0, 95;
v0x3472f4f0_96 .array/port v0x3472f4f0, 96;
v0x3472f4f0_97 .array/port v0x3472f4f0, 97;
v0x3472f4f0_98 .array/port v0x3472f4f0, 98;
E_0x34680000/345 .event anyedge, v0x3472f4f0_95, v0x3472f4f0_96, v0x3472f4f0_97, v0x3472f4f0_98;
v0x3472f4f0_99 .array/port v0x3472f4f0, 99;
v0x3472f4f0_100 .array/port v0x3472f4f0, 100;
v0x3472f4f0_101 .array/port v0x3472f4f0, 101;
v0x3472f4f0_102 .array/port v0x3472f4f0, 102;
E_0x34680000/346 .event anyedge, v0x3472f4f0_99, v0x3472f4f0_100, v0x3472f4f0_101, v0x3472f4f0_102;
v0x3472f4f0_103 .array/port v0x3472f4f0, 103;
v0x3472f4f0_104 .array/port v0x3472f4f0, 104;
v0x3472f4f0_105 .array/port v0x3472f4f0, 105;
v0x3472f4f0_106 .array/port v0x3472f4f0, 106;
E_0x34680000/347 .event anyedge, v0x3472f4f0_103, v0x3472f4f0_104, v0x3472f4f0_105, v0x3472f4f0_106;
v0x3472f4f0_107 .array/port v0x3472f4f0, 107;
v0x3472f4f0_108 .array/port v0x3472f4f0, 108;
v0x3472f4f0_109 .array/port v0x3472f4f0, 109;
v0x3472f4f0_110 .array/port v0x3472f4f0, 110;
E_0x34680000/348 .event anyedge, v0x3472f4f0_107, v0x3472f4f0_108, v0x3472f4f0_109, v0x3472f4f0_110;
v0x3472f4f0_111 .array/port v0x3472f4f0, 111;
v0x3472f4f0_112 .array/port v0x3472f4f0, 112;
v0x3472f4f0_113 .array/port v0x3472f4f0, 113;
v0x3472f4f0_114 .array/port v0x3472f4f0, 114;
E_0x34680000/349 .event anyedge, v0x3472f4f0_111, v0x3472f4f0_112, v0x3472f4f0_113, v0x3472f4f0_114;
v0x3472f4f0_115 .array/port v0x3472f4f0, 115;
v0x3472f4f0_116 .array/port v0x3472f4f0, 116;
v0x3472f4f0_117 .array/port v0x3472f4f0, 117;
v0x3472f4f0_118 .array/port v0x3472f4f0, 118;
E_0x34680000/350 .event anyedge, v0x3472f4f0_115, v0x3472f4f0_116, v0x3472f4f0_117, v0x3472f4f0_118;
v0x3472f4f0_119 .array/port v0x3472f4f0, 119;
v0x3472f4f0_120 .array/port v0x3472f4f0, 120;
v0x3472f4f0_121 .array/port v0x3472f4f0, 121;
v0x3472f4f0_122 .array/port v0x3472f4f0, 122;
E_0x34680000/351 .event anyedge, v0x3472f4f0_119, v0x3472f4f0_120, v0x3472f4f0_121, v0x3472f4f0_122;
v0x3472f4f0_123 .array/port v0x3472f4f0, 123;
v0x3472f4f0_124 .array/port v0x3472f4f0, 124;
v0x3472f4f0_125 .array/port v0x3472f4f0, 125;
v0x3472f4f0_126 .array/port v0x3472f4f0, 126;
E_0x34680000/352 .event anyedge, v0x3472f4f0_123, v0x3472f4f0_124, v0x3472f4f0_125, v0x3472f4f0_126;
v0x3472f4f0_127 .array/port v0x3472f4f0, 127;
v0x3472f4f0_128 .array/port v0x3472f4f0, 128;
v0x3472f4f0_129 .array/port v0x3472f4f0, 129;
v0x3472f4f0_130 .array/port v0x3472f4f0, 130;
E_0x34680000/353 .event anyedge, v0x3472f4f0_127, v0x3472f4f0_128, v0x3472f4f0_129, v0x3472f4f0_130;
v0x3472f4f0_131 .array/port v0x3472f4f0, 131;
v0x3472f4f0_132 .array/port v0x3472f4f0, 132;
v0x3472f4f0_133 .array/port v0x3472f4f0, 133;
v0x3472f4f0_134 .array/port v0x3472f4f0, 134;
E_0x34680000/354 .event anyedge, v0x3472f4f0_131, v0x3472f4f0_132, v0x3472f4f0_133, v0x3472f4f0_134;
v0x3472f4f0_135 .array/port v0x3472f4f0, 135;
v0x3472f4f0_136 .array/port v0x3472f4f0, 136;
v0x3472f4f0_137 .array/port v0x3472f4f0, 137;
v0x3472f4f0_138 .array/port v0x3472f4f0, 138;
E_0x34680000/355 .event anyedge, v0x3472f4f0_135, v0x3472f4f0_136, v0x3472f4f0_137, v0x3472f4f0_138;
v0x3472f4f0_139 .array/port v0x3472f4f0, 139;
v0x3472f4f0_140 .array/port v0x3472f4f0, 140;
v0x3472f4f0_141 .array/port v0x3472f4f0, 141;
v0x3472f4f0_142 .array/port v0x3472f4f0, 142;
E_0x34680000/356 .event anyedge, v0x3472f4f0_139, v0x3472f4f0_140, v0x3472f4f0_141, v0x3472f4f0_142;
v0x3472f4f0_143 .array/port v0x3472f4f0, 143;
v0x3472f4f0_144 .array/port v0x3472f4f0, 144;
v0x3472f4f0_145 .array/port v0x3472f4f0, 145;
v0x3472f4f0_146 .array/port v0x3472f4f0, 146;
E_0x34680000/357 .event anyedge, v0x3472f4f0_143, v0x3472f4f0_144, v0x3472f4f0_145, v0x3472f4f0_146;
v0x3472f4f0_147 .array/port v0x3472f4f0, 147;
v0x3472f4f0_148 .array/port v0x3472f4f0, 148;
v0x3472f4f0_149 .array/port v0x3472f4f0, 149;
v0x3472f4f0_150 .array/port v0x3472f4f0, 150;
E_0x34680000/358 .event anyedge, v0x3472f4f0_147, v0x3472f4f0_148, v0x3472f4f0_149, v0x3472f4f0_150;
v0x3472f4f0_151 .array/port v0x3472f4f0, 151;
v0x3472f4f0_152 .array/port v0x3472f4f0, 152;
v0x3472f4f0_153 .array/port v0x3472f4f0, 153;
v0x3472f4f0_154 .array/port v0x3472f4f0, 154;
E_0x34680000/359 .event anyedge, v0x3472f4f0_151, v0x3472f4f0_152, v0x3472f4f0_153, v0x3472f4f0_154;
v0x3472f4f0_155 .array/port v0x3472f4f0, 155;
v0x3472f4f0_156 .array/port v0x3472f4f0, 156;
v0x3472f4f0_157 .array/port v0x3472f4f0, 157;
v0x3472f4f0_158 .array/port v0x3472f4f0, 158;
E_0x34680000/360 .event anyedge, v0x3472f4f0_155, v0x3472f4f0_156, v0x3472f4f0_157, v0x3472f4f0_158;
v0x3472f4f0_159 .array/port v0x3472f4f0, 159;
v0x3472f4f0_160 .array/port v0x3472f4f0, 160;
v0x3472f4f0_161 .array/port v0x3472f4f0, 161;
v0x3472f4f0_162 .array/port v0x3472f4f0, 162;
E_0x34680000/361 .event anyedge, v0x3472f4f0_159, v0x3472f4f0_160, v0x3472f4f0_161, v0x3472f4f0_162;
v0x3472f4f0_163 .array/port v0x3472f4f0, 163;
v0x3472f4f0_164 .array/port v0x3472f4f0, 164;
v0x3472f4f0_165 .array/port v0x3472f4f0, 165;
v0x3472f4f0_166 .array/port v0x3472f4f0, 166;
E_0x34680000/362 .event anyedge, v0x3472f4f0_163, v0x3472f4f0_164, v0x3472f4f0_165, v0x3472f4f0_166;
v0x3472f4f0_167 .array/port v0x3472f4f0, 167;
v0x3472f4f0_168 .array/port v0x3472f4f0, 168;
v0x3472f4f0_169 .array/port v0x3472f4f0, 169;
v0x3472f4f0_170 .array/port v0x3472f4f0, 170;
E_0x34680000/363 .event anyedge, v0x3472f4f0_167, v0x3472f4f0_168, v0x3472f4f0_169, v0x3472f4f0_170;
v0x3472f4f0_171 .array/port v0x3472f4f0, 171;
v0x3472f4f0_172 .array/port v0x3472f4f0, 172;
v0x3472f4f0_173 .array/port v0x3472f4f0, 173;
v0x3472f4f0_174 .array/port v0x3472f4f0, 174;
E_0x34680000/364 .event anyedge, v0x3472f4f0_171, v0x3472f4f0_172, v0x3472f4f0_173, v0x3472f4f0_174;
v0x3472f4f0_175 .array/port v0x3472f4f0, 175;
v0x3472f4f0_176 .array/port v0x3472f4f0, 176;
v0x3472f4f0_177 .array/port v0x3472f4f0, 177;
v0x3472f4f0_178 .array/port v0x3472f4f0, 178;
E_0x34680000/365 .event anyedge, v0x3472f4f0_175, v0x3472f4f0_176, v0x3472f4f0_177, v0x3472f4f0_178;
v0x3472f4f0_179 .array/port v0x3472f4f0, 179;
v0x3472f4f0_180 .array/port v0x3472f4f0, 180;
v0x3472f4f0_181 .array/port v0x3472f4f0, 181;
v0x3472f4f0_182 .array/port v0x3472f4f0, 182;
E_0x34680000/366 .event anyedge, v0x3472f4f0_179, v0x3472f4f0_180, v0x3472f4f0_181, v0x3472f4f0_182;
v0x3472f4f0_183 .array/port v0x3472f4f0, 183;
v0x3472f4f0_184 .array/port v0x3472f4f0, 184;
v0x3472f4f0_185 .array/port v0x3472f4f0, 185;
v0x3472f4f0_186 .array/port v0x3472f4f0, 186;
E_0x34680000/367 .event anyedge, v0x3472f4f0_183, v0x3472f4f0_184, v0x3472f4f0_185, v0x3472f4f0_186;
v0x3472f4f0_187 .array/port v0x3472f4f0, 187;
v0x3472f4f0_188 .array/port v0x3472f4f0, 188;
v0x3472f4f0_189 .array/port v0x3472f4f0, 189;
v0x3472f4f0_190 .array/port v0x3472f4f0, 190;
E_0x34680000/368 .event anyedge, v0x3472f4f0_187, v0x3472f4f0_188, v0x3472f4f0_189, v0x3472f4f0_190;
v0x3472f4f0_191 .array/port v0x3472f4f0, 191;
v0x3472f4f0_192 .array/port v0x3472f4f0, 192;
v0x3472f4f0_193 .array/port v0x3472f4f0, 193;
v0x3472f4f0_194 .array/port v0x3472f4f0, 194;
E_0x34680000/369 .event anyedge, v0x3472f4f0_191, v0x3472f4f0_192, v0x3472f4f0_193, v0x3472f4f0_194;
v0x3472f4f0_195 .array/port v0x3472f4f0, 195;
v0x3472f4f0_196 .array/port v0x3472f4f0, 196;
v0x3472f4f0_197 .array/port v0x3472f4f0, 197;
v0x3472f4f0_198 .array/port v0x3472f4f0, 198;
E_0x34680000/370 .event anyedge, v0x3472f4f0_195, v0x3472f4f0_196, v0x3472f4f0_197, v0x3472f4f0_198;
v0x3472f4f0_199 .array/port v0x3472f4f0, 199;
v0x3472f4f0_200 .array/port v0x3472f4f0, 200;
v0x3472f4f0_201 .array/port v0x3472f4f0, 201;
v0x3472f4f0_202 .array/port v0x3472f4f0, 202;
E_0x34680000/371 .event anyedge, v0x3472f4f0_199, v0x3472f4f0_200, v0x3472f4f0_201, v0x3472f4f0_202;
v0x3472f4f0_203 .array/port v0x3472f4f0, 203;
v0x3472f4f0_204 .array/port v0x3472f4f0, 204;
v0x3472f4f0_205 .array/port v0x3472f4f0, 205;
v0x3472f4f0_206 .array/port v0x3472f4f0, 206;
E_0x34680000/372 .event anyedge, v0x3472f4f0_203, v0x3472f4f0_204, v0x3472f4f0_205, v0x3472f4f0_206;
v0x3472f4f0_207 .array/port v0x3472f4f0, 207;
v0x3472f4f0_208 .array/port v0x3472f4f0, 208;
v0x3472f4f0_209 .array/port v0x3472f4f0, 209;
v0x3472f4f0_210 .array/port v0x3472f4f0, 210;
E_0x34680000/373 .event anyedge, v0x3472f4f0_207, v0x3472f4f0_208, v0x3472f4f0_209, v0x3472f4f0_210;
v0x3472f4f0_211 .array/port v0x3472f4f0, 211;
v0x3472f4f0_212 .array/port v0x3472f4f0, 212;
v0x3472f4f0_213 .array/port v0x3472f4f0, 213;
v0x3472f4f0_214 .array/port v0x3472f4f0, 214;
E_0x34680000/374 .event anyedge, v0x3472f4f0_211, v0x3472f4f0_212, v0x3472f4f0_213, v0x3472f4f0_214;
v0x3472f4f0_215 .array/port v0x3472f4f0, 215;
v0x3472f4f0_216 .array/port v0x3472f4f0, 216;
v0x3472f4f0_217 .array/port v0x3472f4f0, 217;
v0x3472f4f0_218 .array/port v0x3472f4f0, 218;
E_0x34680000/375 .event anyedge, v0x3472f4f0_215, v0x3472f4f0_216, v0x3472f4f0_217, v0x3472f4f0_218;
v0x3472f4f0_219 .array/port v0x3472f4f0, 219;
v0x3472f4f0_220 .array/port v0x3472f4f0, 220;
v0x3472f4f0_221 .array/port v0x3472f4f0, 221;
v0x3472f4f0_222 .array/port v0x3472f4f0, 222;
E_0x34680000/376 .event anyedge, v0x3472f4f0_219, v0x3472f4f0_220, v0x3472f4f0_221, v0x3472f4f0_222;
v0x3472f4f0_223 .array/port v0x3472f4f0, 223;
v0x3472f4f0_224 .array/port v0x3472f4f0, 224;
v0x3472f4f0_225 .array/port v0x3472f4f0, 225;
v0x3472f4f0_226 .array/port v0x3472f4f0, 226;
E_0x34680000/377 .event anyedge, v0x3472f4f0_223, v0x3472f4f0_224, v0x3472f4f0_225, v0x3472f4f0_226;
v0x3472f4f0_227 .array/port v0x3472f4f0, 227;
v0x3472f4f0_228 .array/port v0x3472f4f0, 228;
v0x3472f4f0_229 .array/port v0x3472f4f0, 229;
v0x3472f4f0_230 .array/port v0x3472f4f0, 230;
E_0x34680000/378 .event anyedge, v0x3472f4f0_227, v0x3472f4f0_228, v0x3472f4f0_229, v0x3472f4f0_230;
v0x3472f4f0_231 .array/port v0x3472f4f0, 231;
v0x3472f4f0_232 .array/port v0x3472f4f0, 232;
v0x3472f4f0_233 .array/port v0x3472f4f0, 233;
v0x3472f4f0_234 .array/port v0x3472f4f0, 234;
E_0x34680000/379 .event anyedge, v0x3472f4f0_231, v0x3472f4f0_232, v0x3472f4f0_233, v0x3472f4f0_234;
v0x3472f4f0_235 .array/port v0x3472f4f0, 235;
v0x3472f4f0_236 .array/port v0x3472f4f0, 236;
v0x3472f4f0_237 .array/port v0x3472f4f0, 237;
v0x3472f4f0_238 .array/port v0x3472f4f0, 238;
E_0x34680000/380 .event anyedge, v0x3472f4f0_235, v0x3472f4f0_236, v0x3472f4f0_237, v0x3472f4f0_238;
v0x3472f4f0_239 .array/port v0x3472f4f0, 239;
v0x3472f4f0_240 .array/port v0x3472f4f0, 240;
v0x3472f4f0_241 .array/port v0x3472f4f0, 241;
v0x3472f4f0_242 .array/port v0x3472f4f0, 242;
E_0x34680000/381 .event anyedge, v0x3472f4f0_239, v0x3472f4f0_240, v0x3472f4f0_241, v0x3472f4f0_242;
v0x3472f4f0_243 .array/port v0x3472f4f0, 243;
v0x3472f4f0_244 .array/port v0x3472f4f0, 244;
v0x3472f4f0_245 .array/port v0x3472f4f0, 245;
v0x3472f4f0_246 .array/port v0x3472f4f0, 246;
E_0x34680000/382 .event anyedge, v0x3472f4f0_243, v0x3472f4f0_244, v0x3472f4f0_245, v0x3472f4f0_246;
v0x3472f4f0_247 .array/port v0x3472f4f0, 247;
v0x3472f4f0_248 .array/port v0x3472f4f0, 248;
v0x3472f4f0_249 .array/port v0x3472f4f0, 249;
v0x3472f4f0_250 .array/port v0x3472f4f0, 250;
E_0x34680000/383 .event anyedge, v0x3472f4f0_247, v0x3472f4f0_248, v0x3472f4f0_249, v0x3472f4f0_250;
v0x3472f4f0_251 .array/port v0x3472f4f0, 251;
v0x3472f4f0_252 .array/port v0x3472f4f0, 252;
v0x3472f4f0_253 .array/port v0x3472f4f0, 253;
v0x3472f4f0_254 .array/port v0x3472f4f0, 254;
E_0x34680000/384 .event anyedge, v0x3472f4f0_251, v0x3472f4f0_252, v0x3472f4f0_253, v0x3472f4f0_254;
v0x3472f4f0_255 .array/port v0x3472f4f0, 255;
v0x3472f4f0_256 .array/port v0x3472f4f0, 256;
v0x3472f4f0_257 .array/port v0x3472f4f0, 257;
v0x3472f4f0_258 .array/port v0x3472f4f0, 258;
E_0x34680000/385 .event anyedge, v0x3472f4f0_255, v0x3472f4f0_256, v0x3472f4f0_257, v0x3472f4f0_258;
v0x3472f4f0_259 .array/port v0x3472f4f0, 259;
v0x3472f4f0_260 .array/port v0x3472f4f0, 260;
v0x3472f4f0_261 .array/port v0x3472f4f0, 261;
v0x3472f4f0_262 .array/port v0x3472f4f0, 262;
E_0x34680000/386 .event anyedge, v0x3472f4f0_259, v0x3472f4f0_260, v0x3472f4f0_261, v0x3472f4f0_262;
v0x3472f4f0_263 .array/port v0x3472f4f0, 263;
v0x3472f4f0_264 .array/port v0x3472f4f0, 264;
v0x3472f4f0_265 .array/port v0x3472f4f0, 265;
v0x3472f4f0_266 .array/port v0x3472f4f0, 266;
E_0x34680000/387 .event anyedge, v0x3472f4f0_263, v0x3472f4f0_264, v0x3472f4f0_265, v0x3472f4f0_266;
v0x3472f4f0_267 .array/port v0x3472f4f0, 267;
v0x3472f4f0_268 .array/port v0x3472f4f0, 268;
v0x3472f4f0_269 .array/port v0x3472f4f0, 269;
v0x3472f4f0_270 .array/port v0x3472f4f0, 270;
E_0x34680000/388 .event anyedge, v0x3472f4f0_267, v0x3472f4f0_268, v0x3472f4f0_269, v0x3472f4f0_270;
v0x3472f4f0_271 .array/port v0x3472f4f0, 271;
v0x3472f4f0_272 .array/port v0x3472f4f0, 272;
v0x3472f4f0_273 .array/port v0x3472f4f0, 273;
v0x3472f4f0_274 .array/port v0x3472f4f0, 274;
E_0x34680000/389 .event anyedge, v0x3472f4f0_271, v0x3472f4f0_272, v0x3472f4f0_273, v0x3472f4f0_274;
v0x3472f4f0_275 .array/port v0x3472f4f0, 275;
v0x3472f4f0_276 .array/port v0x3472f4f0, 276;
v0x3472f4f0_277 .array/port v0x3472f4f0, 277;
v0x3472f4f0_278 .array/port v0x3472f4f0, 278;
E_0x34680000/390 .event anyedge, v0x3472f4f0_275, v0x3472f4f0_276, v0x3472f4f0_277, v0x3472f4f0_278;
v0x3472f4f0_279 .array/port v0x3472f4f0, 279;
v0x3472f4f0_280 .array/port v0x3472f4f0, 280;
v0x3472f4f0_281 .array/port v0x3472f4f0, 281;
v0x3472f4f0_282 .array/port v0x3472f4f0, 282;
E_0x34680000/391 .event anyedge, v0x3472f4f0_279, v0x3472f4f0_280, v0x3472f4f0_281, v0x3472f4f0_282;
v0x3472f4f0_283 .array/port v0x3472f4f0, 283;
v0x3472f4f0_284 .array/port v0x3472f4f0, 284;
v0x3472f4f0_285 .array/port v0x3472f4f0, 285;
v0x3472f4f0_286 .array/port v0x3472f4f0, 286;
E_0x34680000/392 .event anyedge, v0x3472f4f0_283, v0x3472f4f0_284, v0x3472f4f0_285, v0x3472f4f0_286;
v0x3472f4f0_287 .array/port v0x3472f4f0, 287;
v0x3472f4f0_288 .array/port v0x3472f4f0, 288;
v0x3472f4f0_289 .array/port v0x3472f4f0, 289;
v0x3472f4f0_290 .array/port v0x3472f4f0, 290;
E_0x34680000/393 .event anyedge, v0x3472f4f0_287, v0x3472f4f0_288, v0x3472f4f0_289, v0x3472f4f0_290;
v0x3472f4f0_291 .array/port v0x3472f4f0, 291;
v0x3472f4f0_292 .array/port v0x3472f4f0, 292;
v0x3472f4f0_293 .array/port v0x3472f4f0, 293;
v0x3472f4f0_294 .array/port v0x3472f4f0, 294;
E_0x34680000/394 .event anyedge, v0x3472f4f0_291, v0x3472f4f0_292, v0x3472f4f0_293, v0x3472f4f0_294;
v0x3472f4f0_295 .array/port v0x3472f4f0, 295;
v0x3472f4f0_296 .array/port v0x3472f4f0, 296;
v0x3472f4f0_297 .array/port v0x3472f4f0, 297;
v0x3472f4f0_298 .array/port v0x3472f4f0, 298;
E_0x34680000/395 .event anyedge, v0x3472f4f0_295, v0x3472f4f0_296, v0x3472f4f0_297, v0x3472f4f0_298;
v0x3472f4f0_299 .array/port v0x3472f4f0, 299;
v0x3472f4f0_300 .array/port v0x3472f4f0, 300;
v0x3472f4f0_301 .array/port v0x3472f4f0, 301;
v0x3472f4f0_302 .array/port v0x3472f4f0, 302;
E_0x34680000/396 .event anyedge, v0x3472f4f0_299, v0x3472f4f0_300, v0x3472f4f0_301, v0x3472f4f0_302;
v0x3472f4f0_303 .array/port v0x3472f4f0, 303;
v0x3472f4f0_304 .array/port v0x3472f4f0, 304;
v0x3472f4f0_305 .array/port v0x3472f4f0, 305;
v0x3472f4f0_306 .array/port v0x3472f4f0, 306;
E_0x34680000/397 .event anyedge, v0x3472f4f0_303, v0x3472f4f0_304, v0x3472f4f0_305, v0x3472f4f0_306;
v0x3472f4f0_307 .array/port v0x3472f4f0, 307;
v0x3472f4f0_308 .array/port v0x3472f4f0, 308;
v0x3472f4f0_309 .array/port v0x3472f4f0, 309;
v0x3472f4f0_310 .array/port v0x3472f4f0, 310;
E_0x34680000/398 .event anyedge, v0x3472f4f0_307, v0x3472f4f0_308, v0x3472f4f0_309, v0x3472f4f0_310;
v0x3472f4f0_311 .array/port v0x3472f4f0, 311;
v0x3472f4f0_312 .array/port v0x3472f4f0, 312;
v0x3472f4f0_313 .array/port v0x3472f4f0, 313;
v0x3472f4f0_314 .array/port v0x3472f4f0, 314;
E_0x34680000/399 .event anyedge, v0x3472f4f0_311, v0x3472f4f0_312, v0x3472f4f0_313, v0x3472f4f0_314;
v0x3472f4f0_315 .array/port v0x3472f4f0, 315;
v0x3472f4f0_316 .array/port v0x3472f4f0, 316;
v0x3472f4f0_317 .array/port v0x3472f4f0, 317;
v0x3472f4f0_318 .array/port v0x3472f4f0, 318;
E_0x34680000/400 .event anyedge, v0x3472f4f0_315, v0x3472f4f0_316, v0x3472f4f0_317, v0x3472f4f0_318;
v0x3472f4f0_319 .array/port v0x3472f4f0, 319;
v0x3472f4f0_320 .array/port v0x3472f4f0, 320;
v0x3472f4f0_321 .array/port v0x3472f4f0, 321;
v0x3472f4f0_322 .array/port v0x3472f4f0, 322;
E_0x34680000/401 .event anyedge, v0x3472f4f0_319, v0x3472f4f0_320, v0x3472f4f0_321, v0x3472f4f0_322;
v0x3472f4f0_323 .array/port v0x3472f4f0, 323;
v0x3472f4f0_324 .array/port v0x3472f4f0, 324;
v0x3472f4f0_325 .array/port v0x3472f4f0, 325;
v0x3472f4f0_326 .array/port v0x3472f4f0, 326;
E_0x34680000/402 .event anyedge, v0x3472f4f0_323, v0x3472f4f0_324, v0x3472f4f0_325, v0x3472f4f0_326;
v0x3472f4f0_327 .array/port v0x3472f4f0, 327;
v0x3472f4f0_328 .array/port v0x3472f4f0, 328;
v0x3472f4f0_329 .array/port v0x3472f4f0, 329;
v0x3472f4f0_330 .array/port v0x3472f4f0, 330;
E_0x34680000/403 .event anyedge, v0x3472f4f0_327, v0x3472f4f0_328, v0x3472f4f0_329, v0x3472f4f0_330;
v0x3472f4f0_331 .array/port v0x3472f4f0, 331;
v0x3472f4f0_332 .array/port v0x3472f4f0, 332;
v0x3472f4f0_333 .array/port v0x3472f4f0, 333;
v0x3472f4f0_334 .array/port v0x3472f4f0, 334;
E_0x34680000/404 .event anyedge, v0x3472f4f0_331, v0x3472f4f0_332, v0x3472f4f0_333, v0x3472f4f0_334;
v0x3472f4f0_335 .array/port v0x3472f4f0, 335;
v0x3472f4f0_336 .array/port v0x3472f4f0, 336;
v0x3472f4f0_337 .array/port v0x3472f4f0, 337;
v0x3472f4f0_338 .array/port v0x3472f4f0, 338;
E_0x34680000/405 .event anyedge, v0x3472f4f0_335, v0x3472f4f0_336, v0x3472f4f0_337, v0x3472f4f0_338;
v0x3472f4f0_339 .array/port v0x3472f4f0, 339;
v0x3472f4f0_340 .array/port v0x3472f4f0, 340;
v0x3472f4f0_341 .array/port v0x3472f4f0, 341;
v0x3472f4f0_342 .array/port v0x3472f4f0, 342;
E_0x34680000/406 .event anyedge, v0x3472f4f0_339, v0x3472f4f0_340, v0x3472f4f0_341, v0x3472f4f0_342;
v0x3472f4f0_343 .array/port v0x3472f4f0, 343;
v0x3472f4f0_344 .array/port v0x3472f4f0, 344;
v0x3472f4f0_345 .array/port v0x3472f4f0, 345;
v0x3472f4f0_346 .array/port v0x3472f4f0, 346;
E_0x34680000/407 .event anyedge, v0x3472f4f0_343, v0x3472f4f0_344, v0x3472f4f0_345, v0x3472f4f0_346;
v0x3472f4f0_347 .array/port v0x3472f4f0, 347;
v0x3472f4f0_348 .array/port v0x3472f4f0, 348;
v0x3472f4f0_349 .array/port v0x3472f4f0, 349;
v0x3472f4f0_350 .array/port v0x3472f4f0, 350;
E_0x34680000/408 .event anyedge, v0x3472f4f0_347, v0x3472f4f0_348, v0x3472f4f0_349, v0x3472f4f0_350;
v0x3472f4f0_351 .array/port v0x3472f4f0, 351;
v0x3472f4f0_352 .array/port v0x3472f4f0, 352;
v0x3472f4f0_353 .array/port v0x3472f4f0, 353;
v0x3472f4f0_354 .array/port v0x3472f4f0, 354;
E_0x34680000/409 .event anyedge, v0x3472f4f0_351, v0x3472f4f0_352, v0x3472f4f0_353, v0x3472f4f0_354;
v0x3472f4f0_355 .array/port v0x3472f4f0, 355;
v0x3472f4f0_356 .array/port v0x3472f4f0, 356;
v0x3472f4f0_357 .array/port v0x3472f4f0, 357;
v0x3472f4f0_358 .array/port v0x3472f4f0, 358;
E_0x34680000/410 .event anyedge, v0x3472f4f0_355, v0x3472f4f0_356, v0x3472f4f0_357, v0x3472f4f0_358;
v0x3472f4f0_359 .array/port v0x3472f4f0, 359;
v0x3472f4f0_360 .array/port v0x3472f4f0, 360;
v0x3472f4f0_361 .array/port v0x3472f4f0, 361;
v0x3472f4f0_362 .array/port v0x3472f4f0, 362;
E_0x34680000/411 .event anyedge, v0x3472f4f0_359, v0x3472f4f0_360, v0x3472f4f0_361, v0x3472f4f0_362;
v0x3472f4f0_363 .array/port v0x3472f4f0, 363;
v0x3472f4f0_364 .array/port v0x3472f4f0, 364;
v0x3472f4f0_365 .array/port v0x3472f4f0, 365;
v0x3472f4f0_366 .array/port v0x3472f4f0, 366;
E_0x34680000/412 .event anyedge, v0x3472f4f0_363, v0x3472f4f0_364, v0x3472f4f0_365, v0x3472f4f0_366;
v0x3472f4f0_367 .array/port v0x3472f4f0, 367;
v0x3472f4f0_368 .array/port v0x3472f4f0, 368;
v0x3472f4f0_369 .array/port v0x3472f4f0, 369;
v0x3472f4f0_370 .array/port v0x3472f4f0, 370;
E_0x34680000/413 .event anyedge, v0x3472f4f0_367, v0x3472f4f0_368, v0x3472f4f0_369, v0x3472f4f0_370;
v0x3472f4f0_371 .array/port v0x3472f4f0, 371;
v0x3472f4f0_372 .array/port v0x3472f4f0, 372;
v0x3472f4f0_373 .array/port v0x3472f4f0, 373;
v0x3472f4f0_374 .array/port v0x3472f4f0, 374;
E_0x34680000/414 .event anyedge, v0x3472f4f0_371, v0x3472f4f0_372, v0x3472f4f0_373, v0x3472f4f0_374;
v0x3472f4f0_375 .array/port v0x3472f4f0, 375;
v0x3472f4f0_376 .array/port v0x3472f4f0, 376;
v0x3472f4f0_377 .array/port v0x3472f4f0, 377;
v0x3472f4f0_378 .array/port v0x3472f4f0, 378;
E_0x34680000/415 .event anyedge, v0x3472f4f0_375, v0x3472f4f0_376, v0x3472f4f0_377, v0x3472f4f0_378;
v0x3472f4f0_379 .array/port v0x3472f4f0, 379;
v0x3472f4f0_380 .array/port v0x3472f4f0, 380;
v0x3472f4f0_381 .array/port v0x3472f4f0, 381;
v0x3472f4f0_382 .array/port v0x3472f4f0, 382;
E_0x34680000/416 .event anyedge, v0x3472f4f0_379, v0x3472f4f0_380, v0x3472f4f0_381, v0x3472f4f0_382;
v0x3472f4f0_383 .array/port v0x3472f4f0, 383;
v0x3472f4f0_384 .array/port v0x3472f4f0, 384;
v0x3472f4f0_385 .array/port v0x3472f4f0, 385;
v0x3472f4f0_386 .array/port v0x3472f4f0, 386;
E_0x34680000/417 .event anyedge, v0x3472f4f0_383, v0x3472f4f0_384, v0x3472f4f0_385, v0x3472f4f0_386;
v0x3472f4f0_387 .array/port v0x3472f4f0, 387;
v0x3472f4f0_388 .array/port v0x3472f4f0, 388;
v0x3472f4f0_389 .array/port v0x3472f4f0, 389;
v0x3472f4f0_390 .array/port v0x3472f4f0, 390;
E_0x34680000/418 .event anyedge, v0x3472f4f0_387, v0x3472f4f0_388, v0x3472f4f0_389, v0x3472f4f0_390;
v0x3472f4f0_391 .array/port v0x3472f4f0, 391;
v0x3472f4f0_392 .array/port v0x3472f4f0, 392;
v0x3472f4f0_393 .array/port v0x3472f4f0, 393;
v0x3472f4f0_394 .array/port v0x3472f4f0, 394;
E_0x34680000/419 .event anyedge, v0x3472f4f0_391, v0x3472f4f0_392, v0x3472f4f0_393, v0x3472f4f0_394;
v0x3472f4f0_395 .array/port v0x3472f4f0, 395;
v0x3472f4f0_396 .array/port v0x3472f4f0, 396;
v0x3472f4f0_397 .array/port v0x3472f4f0, 397;
v0x3472f4f0_398 .array/port v0x3472f4f0, 398;
E_0x34680000/420 .event anyedge, v0x3472f4f0_395, v0x3472f4f0_396, v0x3472f4f0_397, v0x3472f4f0_398;
v0x3472f4f0_399 .array/port v0x3472f4f0, 399;
v0x3472f4f0_400 .array/port v0x3472f4f0, 400;
v0x3472f4f0_401 .array/port v0x3472f4f0, 401;
v0x3472f4f0_402 .array/port v0x3472f4f0, 402;
E_0x34680000/421 .event anyedge, v0x3472f4f0_399, v0x3472f4f0_400, v0x3472f4f0_401, v0x3472f4f0_402;
v0x3472f4f0_403 .array/port v0x3472f4f0, 403;
v0x3472f4f0_404 .array/port v0x3472f4f0, 404;
v0x3472f4f0_405 .array/port v0x3472f4f0, 405;
v0x3472f4f0_406 .array/port v0x3472f4f0, 406;
E_0x34680000/422 .event anyedge, v0x3472f4f0_403, v0x3472f4f0_404, v0x3472f4f0_405, v0x3472f4f0_406;
v0x3472f4f0_407 .array/port v0x3472f4f0, 407;
v0x3472f4f0_408 .array/port v0x3472f4f0, 408;
v0x3472f4f0_409 .array/port v0x3472f4f0, 409;
v0x3472f4f0_410 .array/port v0x3472f4f0, 410;
E_0x34680000/423 .event anyedge, v0x3472f4f0_407, v0x3472f4f0_408, v0x3472f4f0_409, v0x3472f4f0_410;
v0x3472f4f0_411 .array/port v0x3472f4f0, 411;
v0x3472f4f0_412 .array/port v0x3472f4f0, 412;
v0x3472f4f0_413 .array/port v0x3472f4f0, 413;
v0x3472f4f0_414 .array/port v0x3472f4f0, 414;
E_0x34680000/424 .event anyedge, v0x3472f4f0_411, v0x3472f4f0_412, v0x3472f4f0_413, v0x3472f4f0_414;
v0x3472f4f0_415 .array/port v0x3472f4f0, 415;
v0x3472f4f0_416 .array/port v0x3472f4f0, 416;
v0x3472f4f0_417 .array/port v0x3472f4f0, 417;
v0x3472f4f0_418 .array/port v0x3472f4f0, 418;
E_0x34680000/425 .event anyedge, v0x3472f4f0_415, v0x3472f4f0_416, v0x3472f4f0_417, v0x3472f4f0_418;
v0x3472f4f0_419 .array/port v0x3472f4f0, 419;
v0x3472f4f0_420 .array/port v0x3472f4f0, 420;
v0x3472f4f0_421 .array/port v0x3472f4f0, 421;
v0x3472f4f0_422 .array/port v0x3472f4f0, 422;
E_0x34680000/426 .event anyedge, v0x3472f4f0_419, v0x3472f4f0_420, v0x3472f4f0_421, v0x3472f4f0_422;
v0x3472f4f0_423 .array/port v0x3472f4f0, 423;
v0x3472f4f0_424 .array/port v0x3472f4f0, 424;
v0x3472f4f0_425 .array/port v0x3472f4f0, 425;
v0x3472f4f0_426 .array/port v0x3472f4f0, 426;
E_0x34680000/427 .event anyedge, v0x3472f4f0_423, v0x3472f4f0_424, v0x3472f4f0_425, v0x3472f4f0_426;
v0x3472f4f0_427 .array/port v0x3472f4f0, 427;
v0x3472f4f0_428 .array/port v0x3472f4f0, 428;
v0x3472f4f0_429 .array/port v0x3472f4f0, 429;
v0x3472f4f0_430 .array/port v0x3472f4f0, 430;
E_0x34680000/428 .event anyedge, v0x3472f4f0_427, v0x3472f4f0_428, v0x3472f4f0_429, v0x3472f4f0_430;
v0x3472f4f0_431 .array/port v0x3472f4f0, 431;
v0x3472f4f0_432 .array/port v0x3472f4f0, 432;
v0x3472f4f0_433 .array/port v0x3472f4f0, 433;
v0x3472f4f0_434 .array/port v0x3472f4f0, 434;
E_0x34680000/429 .event anyedge, v0x3472f4f0_431, v0x3472f4f0_432, v0x3472f4f0_433, v0x3472f4f0_434;
v0x3472f4f0_435 .array/port v0x3472f4f0, 435;
v0x3472f4f0_436 .array/port v0x3472f4f0, 436;
v0x3472f4f0_437 .array/port v0x3472f4f0, 437;
v0x3472f4f0_438 .array/port v0x3472f4f0, 438;
E_0x34680000/430 .event anyedge, v0x3472f4f0_435, v0x3472f4f0_436, v0x3472f4f0_437, v0x3472f4f0_438;
v0x3472f4f0_439 .array/port v0x3472f4f0, 439;
v0x3472f4f0_440 .array/port v0x3472f4f0, 440;
v0x3472f4f0_441 .array/port v0x3472f4f0, 441;
v0x3472f4f0_442 .array/port v0x3472f4f0, 442;
E_0x34680000/431 .event anyedge, v0x3472f4f0_439, v0x3472f4f0_440, v0x3472f4f0_441, v0x3472f4f0_442;
v0x3472f4f0_443 .array/port v0x3472f4f0, 443;
v0x3472f4f0_444 .array/port v0x3472f4f0, 444;
v0x3472f4f0_445 .array/port v0x3472f4f0, 445;
v0x3472f4f0_446 .array/port v0x3472f4f0, 446;
E_0x34680000/432 .event anyedge, v0x3472f4f0_443, v0x3472f4f0_444, v0x3472f4f0_445, v0x3472f4f0_446;
v0x3472f4f0_447 .array/port v0x3472f4f0, 447;
v0x3472f4f0_448 .array/port v0x3472f4f0, 448;
v0x3472f4f0_449 .array/port v0x3472f4f0, 449;
v0x3472f4f0_450 .array/port v0x3472f4f0, 450;
E_0x34680000/433 .event anyedge, v0x3472f4f0_447, v0x3472f4f0_448, v0x3472f4f0_449, v0x3472f4f0_450;
v0x3472f4f0_451 .array/port v0x3472f4f0, 451;
v0x3472f4f0_452 .array/port v0x3472f4f0, 452;
v0x3472f4f0_453 .array/port v0x3472f4f0, 453;
v0x3472f4f0_454 .array/port v0x3472f4f0, 454;
E_0x34680000/434 .event anyedge, v0x3472f4f0_451, v0x3472f4f0_452, v0x3472f4f0_453, v0x3472f4f0_454;
v0x3472f4f0_455 .array/port v0x3472f4f0, 455;
v0x3472f4f0_456 .array/port v0x3472f4f0, 456;
v0x3472f4f0_457 .array/port v0x3472f4f0, 457;
v0x3472f4f0_458 .array/port v0x3472f4f0, 458;
E_0x34680000/435 .event anyedge, v0x3472f4f0_455, v0x3472f4f0_456, v0x3472f4f0_457, v0x3472f4f0_458;
v0x3472f4f0_459 .array/port v0x3472f4f0, 459;
v0x3472f4f0_460 .array/port v0x3472f4f0, 460;
v0x3472f4f0_461 .array/port v0x3472f4f0, 461;
v0x3472f4f0_462 .array/port v0x3472f4f0, 462;
E_0x34680000/436 .event anyedge, v0x3472f4f0_459, v0x3472f4f0_460, v0x3472f4f0_461, v0x3472f4f0_462;
v0x3472f4f0_463 .array/port v0x3472f4f0, 463;
v0x3472f4f0_464 .array/port v0x3472f4f0, 464;
v0x3472f4f0_465 .array/port v0x3472f4f0, 465;
v0x3472f4f0_466 .array/port v0x3472f4f0, 466;
E_0x34680000/437 .event anyedge, v0x3472f4f0_463, v0x3472f4f0_464, v0x3472f4f0_465, v0x3472f4f0_466;
v0x3472f4f0_467 .array/port v0x3472f4f0, 467;
v0x3472f4f0_468 .array/port v0x3472f4f0, 468;
v0x3472f4f0_469 .array/port v0x3472f4f0, 469;
v0x3472f4f0_470 .array/port v0x3472f4f0, 470;
E_0x34680000/438 .event anyedge, v0x3472f4f0_467, v0x3472f4f0_468, v0x3472f4f0_469, v0x3472f4f0_470;
v0x3472f4f0_471 .array/port v0x3472f4f0, 471;
v0x3472f4f0_472 .array/port v0x3472f4f0, 472;
v0x3472f4f0_473 .array/port v0x3472f4f0, 473;
v0x3472f4f0_474 .array/port v0x3472f4f0, 474;
E_0x34680000/439 .event anyedge, v0x3472f4f0_471, v0x3472f4f0_472, v0x3472f4f0_473, v0x3472f4f0_474;
v0x3472f4f0_475 .array/port v0x3472f4f0, 475;
v0x3472f4f0_476 .array/port v0x3472f4f0, 476;
v0x3472f4f0_477 .array/port v0x3472f4f0, 477;
v0x3472f4f0_478 .array/port v0x3472f4f0, 478;
E_0x34680000/440 .event anyedge, v0x3472f4f0_475, v0x3472f4f0_476, v0x3472f4f0_477, v0x3472f4f0_478;
v0x3472f4f0_479 .array/port v0x3472f4f0, 479;
v0x3472f4f0_480 .array/port v0x3472f4f0, 480;
v0x3472f4f0_481 .array/port v0x3472f4f0, 481;
v0x3472f4f0_482 .array/port v0x3472f4f0, 482;
E_0x34680000/441 .event anyedge, v0x3472f4f0_479, v0x3472f4f0_480, v0x3472f4f0_481, v0x3472f4f0_482;
v0x3472f4f0_483 .array/port v0x3472f4f0, 483;
v0x3472f4f0_484 .array/port v0x3472f4f0, 484;
v0x3472f4f0_485 .array/port v0x3472f4f0, 485;
v0x3472f4f0_486 .array/port v0x3472f4f0, 486;
E_0x34680000/442 .event anyedge, v0x3472f4f0_483, v0x3472f4f0_484, v0x3472f4f0_485, v0x3472f4f0_486;
v0x3472f4f0_487 .array/port v0x3472f4f0, 487;
v0x3472f4f0_488 .array/port v0x3472f4f0, 488;
v0x3472f4f0_489 .array/port v0x3472f4f0, 489;
v0x3472f4f0_490 .array/port v0x3472f4f0, 490;
E_0x34680000/443 .event anyedge, v0x3472f4f0_487, v0x3472f4f0_488, v0x3472f4f0_489, v0x3472f4f0_490;
v0x3472f4f0_491 .array/port v0x3472f4f0, 491;
v0x3472f4f0_492 .array/port v0x3472f4f0, 492;
v0x3472f4f0_493 .array/port v0x3472f4f0, 493;
v0x3472f4f0_494 .array/port v0x3472f4f0, 494;
E_0x34680000/444 .event anyedge, v0x3472f4f0_491, v0x3472f4f0_492, v0x3472f4f0_493, v0x3472f4f0_494;
v0x3472f4f0_495 .array/port v0x3472f4f0, 495;
v0x3472f4f0_496 .array/port v0x3472f4f0, 496;
v0x3472f4f0_497 .array/port v0x3472f4f0, 497;
v0x3472f4f0_498 .array/port v0x3472f4f0, 498;
E_0x34680000/445 .event anyedge, v0x3472f4f0_495, v0x3472f4f0_496, v0x3472f4f0_497, v0x3472f4f0_498;
v0x3472f4f0_499 .array/port v0x3472f4f0, 499;
v0x3472f4f0_500 .array/port v0x3472f4f0, 500;
v0x3472f4f0_501 .array/port v0x3472f4f0, 501;
v0x3472f4f0_502 .array/port v0x3472f4f0, 502;
E_0x34680000/446 .event anyedge, v0x3472f4f0_499, v0x3472f4f0_500, v0x3472f4f0_501, v0x3472f4f0_502;
v0x3472f4f0_503 .array/port v0x3472f4f0, 503;
v0x3472f4f0_504 .array/port v0x3472f4f0, 504;
v0x3472f4f0_505 .array/port v0x3472f4f0, 505;
v0x3472f4f0_506 .array/port v0x3472f4f0, 506;
E_0x34680000/447 .event anyedge, v0x3472f4f0_503, v0x3472f4f0_504, v0x3472f4f0_505, v0x3472f4f0_506;
v0x3472f4f0_507 .array/port v0x3472f4f0, 507;
v0x3472f4f0_508 .array/port v0x3472f4f0, 508;
v0x3472f4f0_509 .array/port v0x3472f4f0, 509;
v0x3472f4f0_510 .array/port v0x3472f4f0, 510;
E_0x34680000/448 .event anyedge, v0x3472f4f0_507, v0x3472f4f0_508, v0x3472f4f0_509, v0x3472f4f0_510;
v0x3472f4f0_511 .array/port v0x3472f4f0, 511;
v0x3472f4f0_512 .array/port v0x3472f4f0, 512;
v0x3472f4f0_513 .array/port v0x3472f4f0, 513;
v0x3472f4f0_514 .array/port v0x3472f4f0, 514;
E_0x34680000/449 .event anyedge, v0x3472f4f0_511, v0x3472f4f0_512, v0x3472f4f0_513, v0x3472f4f0_514;
v0x3472f4f0_515 .array/port v0x3472f4f0, 515;
v0x3472f4f0_516 .array/port v0x3472f4f0, 516;
v0x3472f4f0_517 .array/port v0x3472f4f0, 517;
v0x3472f4f0_518 .array/port v0x3472f4f0, 518;
E_0x34680000/450 .event anyedge, v0x3472f4f0_515, v0x3472f4f0_516, v0x3472f4f0_517, v0x3472f4f0_518;
v0x3472f4f0_519 .array/port v0x3472f4f0, 519;
v0x3472f4f0_520 .array/port v0x3472f4f0, 520;
v0x3472f4f0_521 .array/port v0x3472f4f0, 521;
v0x3472f4f0_522 .array/port v0x3472f4f0, 522;
E_0x34680000/451 .event anyedge, v0x3472f4f0_519, v0x3472f4f0_520, v0x3472f4f0_521, v0x3472f4f0_522;
v0x3472f4f0_523 .array/port v0x3472f4f0, 523;
v0x3472f4f0_524 .array/port v0x3472f4f0, 524;
v0x3472f4f0_525 .array/port v0x3472f4f0, 525;
v0x3472f4f0_526 .array/port v0x3472f4f0, 526;
E_0x34680000/452 .event anyedge, v0x3472f4f0_523, v0x3472f4f0_524, v0x3472f4f0_525, v0x3472f4f0_526;
v0x3472f4f0_527 .array/port v0x3472f4f0, 527;
v0x3472f4f0_528 .array/port v0x3472f4f0, 528;
v0x3472f4f0_529 .array/port v0x3472f4f0, 529;
v0x3472f4f0_530 .array/port v0x3472f4f0, 530;
E_0x34680000/453 .event anyedge, v0x3472f4f0_527, v0x3472f4f0_528, v0x3472f4f0_529, v0x3472f4f0_530;
v0x3472f4f0_531 .array/port v0x3472f4f0, 531;
v0x3472f4f0_532 .array/port v0x3472f4f0, 532;
v0x3472f4f0_533 .array/port v0x3472f4f0, 533;
v0x3472f4f0_534 .array/port v0x3472f4f0, 534;
E_0x34680000/454 .event anyedge, v0x3472f4f0_531, v0x3472f4f0_532, v0x3472f4f0_533, v0x3472f4f0_534;
v0x3472f4f0_535 .array/port v0x3472f4f0, 535;
v0x3472f4f0_536 .array/port v0x3472f4f0, 536;
v0x3472f4f0_537 .array/port v0x3472f4f0, 537;
v0x3472f4f0_538 .array/port v0x3472f4f0, 538;
E_0x34680000/455 .event anyedge, v0x3472f4f0_535, v0x3472f4f0_536, v0x3472f4f0_537, v0x3472f4f0_538;
v0x3472f4f0_539 .array/port v0x3472f4f0, 539;
v0x3472f4f0_540 .array/port v0x3472f4f0, 540;
v0x3472f4f0_541 .array/port v0x3472f4f0, 541;
v0x3472f4f0_542 .array/port v0x3472f4f0, 542;
E_0x34680000/456 .event anyedge, v0x3472f4f0_539, v0x3472f4f0_540, v0x3472f4f0_541, v0x3472f4f0_542;
v0x3472f4f0_543 .array/port v0x3472f4f0, 543;
v0x3472f4f0_544 .array/port v0x3472f4f0, 544;
v0x3472f4f0_545 .array/port v0x3472f4f0, 545;
v0x3472f4f0_546 .array/port v0x3472f4f0, 546;
E_0x34680000/457 .event anyedge, v0x3472f4f0_543, v0x3472f4f0_544, v0x3472f4f0_545, v0x3472f4f0_546;
v0x3472f4f0_547 .array/port v0x3472f4f0, 547;
v0x3472f4f0_548 .array/port v0x3472f4f0, 548;
v0x3472f4f0_549 .array/port v0x3472f4f0, 549;
v0x3472f4f0_550 .array/port v0x3472f4f0, 550;
E_0x34680000/458 .event anyedge, v0x3472f4f0_547, v0x3472f4f0_548, v0x3472f4f0_549, v0x3472f4f0_550;
v0x3472f4f0_551 .array/port v0x3472f4f0, 551;
v0x3472f4f0_552 .array/port v0x3472f4f0, 552;
v0x3472f4f0_553 .array/port v0x3472f4f0, 553;
v0x3472f4f0_554 .array/port v0x3472f4f0, 554;
E_0x34680000/459 .event anyedge, v0x3472f4f0_551, v0x3472f4f0_552, v0x3472f4f0_553, v0x3472f4f0_554;
v0x3472f4f0_555 .array/port v0x3472f4f0, 555;
v0x3472f4f0_556 .array/port v0x3472f4f0, 556;
v0x3472f4f0_557 .array/port v0x3472f4f0, 557;
v0x3472f4f0_558 .array/port v0x3472f4f0, 558;
E_0x34680000/460 .event anyedge, v0x3472f4f0_555, v0x3472f4f0_556, v0x3472f4f0_557, v0x3472f4f0_558;
v0x3472f4f0_559 .array/port v0x3472f4f0, 559;
v0x3472f4f0_560 .array/port v0x3472f4f0, 560;
v0x3472f4f0_561 .array/port v0x3472f4f0, 561;
v0x3472f4f0_562 .array/port v0x3472f4f0, 562;
E_0x34680000/461 .event anyedge, v0x3472f4f0_559, v0x3472f4f0_560, v0x3472f4f0_561, v0x3472f4f0_562;
v0x3472f4f0_563 .array/port v0x3472f4f0, 563;
v0x3472f4f0_564 .array/port v0x3472f4f0, 564;
v0x3472f4f0_565 .array/port v0x3472f4f0, 565;
v0x3472f4f0_566 .array/port v0x3472f4f0, 566;
E_0x34680000/462 .event anyedge, v0x3472f4f0_563, v0x3472f4f0_564, v0x3472f4f0_565, v0x3472f4f0_566;
v0x3472f4f0_567 .array/port v0x3472f4f0, 567;
v0x3472f4f0_568 .array/port v0x3472f4f0, 568;
v0x3472f4f0_569 .array/port v0x3472f4f0, 569;
v0x3472f4f0_570 .array/port v0x3472f4f0, 570;
E_0x34680000/463 .event anyedge, v0x3472f4f0_567, v0x3472f4f0_568, v0x3472f4f0_569, v0x3472f4f0_570;
v0x3472f4f0_571 .array/port v0x3472f4f0, 571;
v0x3472f4f0_572 .array/port v0x3472f4f0, 572;
v0x3472f4f0_573 .array/port v0x3472f4f0, 573;
v0x3472f4f0_574 .array/port v0x3472f4f0, 574;
E_0x34680000/464 .event anyedge, v0x3472f4f0_571, v0x3472f4f0_572, v0x3472f4f0_573, v0x3472f4f0_574;
v0x3472f4f0_575 .array/port v0x3472f4f0, 575;
v0x3472f4f0_576 .array/port v0x3472f4f0, 576;
v0x3472f4f0_577 .array/port v0x3472f4f0, 577;
v0x3472f4f0_578 .array/port v0x3472f4f0, 578;
E_0x34680000/465 .event anyedge, v0x3472f4f0_575, v0x3472f4f0_576, v0x3472f4f0_577, v0x3472f4f0_578;
v0x3472f4f0_579 .array/port v0x3472f4f0, 579;
v0x3472f4f0_580 .array/port v0x3472f4f0, 580;
v0x3472f4f0_581 .array/port v0x3472f4f0, 581;
v0x3472f4f0_582 .array/port v0x3472f4f0, 582;
E_0x34680000/466 .event anyedge, v0x3472f4f0_579, v0x3472f4f0_580, v0x3472f4f0_581, v0x3472f4f0_582;
v0x3472f4f0_583 .array/port v0x3472f4f0, 583;
v0x3472f4f0_584 .array/port v0x3472f4f0, 584;
v0x3472f4f0_585 .array/port v0x3472f4f0, 585;
v0x3472f4f0_586 .array/port v0x3472f4f0, 586;
E_0x34680000/467 .event anyedge, v0x3472f4f0_583, v0x3472f4f0_584, v0x3472f4f0_585, v0x3472f4f0_586;
v0x3472f4f0_587 .array/port v0x3472f4f0, 587;
v0x3472f4f0_588 .array/port v0x3472f4f0, 588;
v0x3472f4f0_589 .array/port v0x3472f4f0, 589;
v0x3472f4f0_590 .array/port v0x3472f4f0, 590;
E_0x34680000/468 .event anyedge, v0x3472f4f0_587, v0x3472f4f0_588, v0x3472f4f0_589, v0x3472f4f0_590;
v0x3472f4f0_591 .array/port v0x3472f4f0, 591;
v0x3472f4f0_592 .array/port v0x3472f4f0, 592;
v0x3472f4f0_593 .array/port v0x3472f4f0, 593;
v0x3472f4f0_594 .array/port v0x3472f4f0, 594;
E_0x34680000/469 .event anyedge, v0x3472f4f0_591, v0x3472f4f0_592, v0x3472f4f0_593, v0x3472f4f0_594;
v0x3472f4f0_595 .array/port v0x3472f4f0, 595;
v0x3472f4f0_596 .array/port v0x3472f4f0, 596;
v0x3472f4f0_597 .array/port v0x3472f4f0, 597;
v0x3472f4f0_598 .array/port v0x3472f4f0, 598;
E_0x34680000/470 .event anyedge, v0x3472f4f0_595, v0x3472f4f0_596, v0x3472f4f0_597, v0x3472f4f0_598;
v0x3472f4f0_599 .array/port v0x3472f4f0, 599;
v0x3472f4f0_600 .array/port v0x3472f4f0, 600;
v0x3472f4f0_601 .array/port v0x3472f4f0, 601;
v0x3472f4f0_602 .array/port v0x3472f4f0, 602;
E_0x34680000/471 .event anyedge, v0x3472f4f0_599, v0x3472f4f0_600, v0x3472f4f0_601, v0x3472f4f0_602;
v0x3472f4f0_603 .array/port v0x3472f4f0, 603;
v0x3472f4f0_604 .array/port v0x3472f4f0, 604;
v0x3472f4f0_605 .array/port v0x3472f4f0, 605;
v0x3472f4f0_606 .array/port v0x3472f4f0, 606;
E_0x34680000/472 .event anyedge, v0x3472f4f0_603, v0x3472f4f0_604, v0x3472f4f0_605, v0x3472f4f0_606;
v0x3472f4f0_607 .array/port v0x3472f4f0, 607;
v0x3472f4f0_608 .array/port v0x3472f4f0, 608;
v0x3472f4f0_609 .array/port v0x3472f4f0, 609;
v0x3472f4f0_610 .array/port v0x3472f4f0, 610;
E_0x34680000/473 .event anyedge, v0x3472f4f0_607, v0x3472f4f0_608, v0x3472f4f0_609, v0x3472f4f0_610;
v0x3472f4f0_611 .array/port v0x3472f4f0, 611;
v0x3472f4f0_612 .array/port v0x3472f4f0, 612;
v0x3472f4f0_613 .array/port v0x3472f4f0, 613;
v0x3472f4f0_614 .array/port v0x3472f4f0, 614;
E_0x34680000/474 .event anyedge, v0x3472f4f0_611, v0x3472f4f0_612, v0x3472f4f0_613, v0x3472f4f0_614;
v0x3472f4f0_615 .array/port v0x3472f4f0, 615;
v0x3472f4f0_616 .array/port v0x3472f4f0, 616;
v0x3472f4f0_617 .array/port v0x3472f4f0, 617;
v0x3472f4f0_618 .array/port v0x3472f4f0, 618;
E_0x34680000/475 .event anyedge, v0x3472f4f0_615, v0x3472f4f0_616, v0x3472f4f0_617, v0x3472f4f0_618;
v0x3472f4f0_619 .array/port v0x3472f4f0, 619;
v0x3472f4f0_620 .array/port v0x3472f4f0, 620;
v0x3472f4f0_621 .array/port v0x3472f4f0, 621;
v0x3472f4f0_622 .array/port v0x3472f4f0, 622;
E_0x34680000/476 .event anyedge, v0x3472f4f0_619, v0x3472f4f0_620, v0x3472f4f0_621, v0x3472f4f0_622;
v0x3472f4f0_623 .array/port v0x3472f4f0, 623;
v0x3472f4f0_624 .array/port v0x3472f4f0, 624;
v0x3472f4f0_625 .array/port v0x3472f4f0, 625;
v0x3472f4f0_626 .array/port v0x3472f4f0, 626;
E_0x34680000/477 .event anyedge, v0x3472f4f0_623, v0x3472f4f0_624, v0x3472f4f0_625, v0x3472f4f0_626;
v0x3472f4f0_627 .array/port v0x3472f4f0, 627;
v0x3472f4f0_628 .array/port v0x3472f4f0, 628;
v0x3472f4f0_629 .array/port v0x3472f4f0, 629;
v0x3472f4f0_630 .array/port v0x3472f4f0, 630;
E_0x34680000/478 .event anyedge, v0x3472f4f0_627, v0x3472f4f0_628, v0x3472f4f0_629, v0x3472f4f0_630;
v0x3472f4f0_631 .array/port v0x3472f4f0, 631;
v0x3472f4f0_632 .array/port v0x3472f4f0, 632;
v0x3472f4f0_633 .array/port v0x3472f4f0, 633;
v0x3472f4f0_634 .array/port v0x3472f4f0, 634;
E_0x34680000/479 .event anyedge, v0x3472f4f0_631, v0x3472f4f0_632, v0x3472f4f0_633, v0x3472f4f0_634;
v0x3472f4f0_635 .array/port v0x3472f4f0, 635;
v0x3472f4f0_636 .array/port v0x3472f4f0, 636;
v0x3472f4f0_637 .array/port v0x3472f4f0, 637;
v0x3472f4f0_638 .array/port v0x3472f4f0, 638;
E_0x34680000/480 .event anyedge, v0x3472f4f0_635, v0x3472f4f0_636, v0x3472f4f0_637, v0x3472f4f0_638;
v0x3472f4f0_639 .array/port v0x3472f4f0, 639;
v0x3472f4f0_640 .array/port v0x3472f4f0, 640;
v0x3472f4f0_641 .array/port v0x3472f4f0, 641;
v0x3472f4f0_642 .array/port v0x3472f4f0, 642;
E_0x34680000/481 .event anyedge, v0x3472f4f0_639, v0x3472f4f0_640, v0x3472f4f0_641, v0x3472f4f0_642;
v0x3472f4f0_643 .array/port v0x3472f4f0, 643;
v0x3472f4f0_644 .array/port v0x3472f4f0, 644;
v0x3472f4f0_645 .array/port v0x3472f4f0, 645;
v0x3472f4f0_646 .array/port v0x3472f4f0, 646;
E_0x34680000/482 .event anyedge, v0x3472f4f0_643, v0x3472f4f0_644, v0x3472f4f0_645, v0x3472f4f0_646;
v0x3472f4f0_647 .array/port v0x3472f4f0, 647;
v0x3472f4f0_648 .array/port v0x3472f4f0, 648;
v0x3472f4f0_649 .array/port v0x3472f4f0, 649;
v0x3472f4f0_650 .array/port v0x3472f4f0, 650;
E_0x34680000/483 .event anyedge, v0x3472f4f0_647, v0x3472f4f0_648, v0x3472f4f0_649, v0x3472f4f0_650;
v0x3472f4f0_651 .array/port v0x3472f4f0, 651;
v0x3472f4f0_652 .array/port v0x3472f4f0, 652;
v0x3472f4f0_653 .array/port v0x3472f4f0, 653;
v0x3472f4f0_654 .array/port v0x3472f4f0, 654;
E_0x34680000/484 .event anyedge, v0x3472f4f0_651, v0x3472f4f0_652, v0x3472f4f0_653, v0x3472f4f0_654;
v0x3472f4f0_655 .array/port v0x3472f4f0, 655;
v0x3472f4f0_656 .array/port v0x3472f4f0, 656;
v0x3472f4f0_657 .array/port v0x3472f4f0, 657;
v0x3472f4f0_658 .array/port v0x3472f4f0, 658;
E_0x34680000/485 .event anyedge, v0x3472f4f0_655, v0x3472f4f0_656, v0x3472f4f0_657, v0x3472f4f0_658;
v0x3472f4f0_659 .array/port v0x3472f4f0, 659;
v0x3472f4f0_660 .array/port v0x3472f4f0, 660;
v0x3472f4f0_661 .array/port v0x3472f4f0, 661;
v0x3472f4f0_662 .array/port v0x3472f4f0, 662;
E_0x34680000/486 .event anyedge, v0x3472f4f0_659, v0x3472f4f0_660, v0x3472f4f0_661, v0x3472f4f0_662;
v0x3472f4f0_663 .array/port v0x3472f4f0, 663;
v0x3472f4f0_664 .array/port v0x3472f4f0, 664;
v0x3472f4f0_665 .array/port v0x3472f4f0, 665;
v0x3472f4f0_666 .array/port v0x3472f4f0, 666;
E_0x34680000/487 .event anyedge, v0x3472f4f0_663, v0x3472f4f0_664, v0x3472f4f0_665, v0x3472f4f0_666;
v0x3472f4f0_667 .array/port v0x3472f4f0, 667;
v0x3472f4f0_668 .array/port v0x3472f4f0, 668;
v0x3472f4f0_669 .array/port v0x3472f4f0, 669;
v0x3472f4f0_670 .array/port v0x3472f4f0, 670;
E_0x34680000/488 .event anyedge, v0x3472f4f0_667, v0x3472f4f0_668, v0x3472f4f0_669, v0x3472f4f0_670;
v0x3472f4f0_671 .array/port v0x3472f4f0, 671;
v0x3472f4f0_672 .array/port v0x3472f4f0, 672;
v0x3472f4f0_673 .array/port v0x3472f4f0, 673;
v0x3472f4f0_674 .array/port v0x3472f4f0, 674;
E_0x34680000/489 .event anyedge, v0x3472f4f0_671, v0x3472f4f0_672, v0x3472f4f0_673, v0x3472f4f0_674;
v0x3472f4f0_675 .array/port v0x3472f4f0, 675;
v0x3472f4f0_676 .array/port v0x3472f4f0, 676;
v0x3472f4f0_677 .array/port v0x3472f4f0, 677;
v0x3472f4f0_678 .array/port v0x3472f4f0, 678;
E_0x34680000/490 .event anyedge, v0x3472f4f0_675, v0x3472f4f0_676, v0x3472f4f0_677, v0x3472f4f0_678;
v0x3472f4f0_679 .array/port v0x3472f4f0, 679;
v0x3472f4f0_680 .array/port v0x3472f4f0, 680;
v0x3472f4f0_681 .array/port v0x3472f4f0, 681;
v0x3472f4f0_682 .array/port v0x3472f4f0, 682;
E_0x34680000/491 .event anyedge, v0x3472f4f0_679, v0x3472f4f0_680, v0x3472f4f0_681, v0x3472f4f0_682;
v0x3472f4f0_683 .array/port v0x3472f4f0, 683;
v0x3472f4f0_684 .array/port v0x3472f4f0, 684;
v0x3472f4f0_685 .array/port v0x3472f4f0, 685;
v0x3472f4f0_686 .array/port v0x3472f4f0, 686;
E_0x34680000/492 .event anyedge, v0x3472f4f0_683, v0x3472f4f0_684, v0x3472f4f0_685, v0x3472f4f0_686;
v0x3472f4f0_687 .array/port v0x3472f4f0, 687;
v0x3472f4f0_688 .array/port v0x3472f4f0, 688;
v0x3472f4f0_689 .array/port v0x3472f4f0, 689;
v0x3472f4f0_690 .array/port v0x3472f4f0, 690;
E_0x34680000/493 .event anyedge, v0x3472f4f0_687, v0x3472f4f0_688, v0x3472f4f0_689, v0x3472f4f0_690;
v0x3472f4f0_691 .array/port v0x3472f4f0, 691;
v0x3472f4f0_692 .array/port v0x3472f4f0, 692;
v0x3472f4f0_693 .array/port v0x3472f4f0, 693;
v0x3472f4f0_694 .array/port v0x3472f4f0, 694;
E_0x34680000/494 .event anyedge, v0x3472f4f0_691, v0x3472f4f0_692, v0x3472f4f0_693, v0x3472f4f0_694;
v0x3472f4f0_695 .array/port v0x3472f4f0, 695;
v0x3472f4f0_696 .array/port v0x3472f4f0, 696;
v0x3472f4f0_697 .array/port v0x3472f4f0, 697;
v0x3472f4f0_698 .array/port v0x3472f4f0, 698;
E_0x34680000/495 .event anyedge, v0x3472f4f0_695, v0x3472f4f0_696, v0x3472f4f0_697, v0x3472f4f0_698;
v0x3472f4f0_699 .array/port v0x3472f4f0, 699;
v0x3472f4f0_700 .array/port v0x3472f4f0, 700;
v0x3472f4f0_701 .array/port v0x3472f4f0, 701;
v0x3472f4f0_702 .array/port v0x3472f4f0, 702;
E_0x34680000/496 .event anyedge, v0x3472f4f0_699, v0x3472f4f0_700, v0x3472f4f0_701, v0x3472f4f0_702;
v0x3472f4f0_703 .array/port v0x3472f4f0, 703;
v0x3472f4f0_704 .array/port v0x3472f4f0, 704;
v0x3472f4f0_705 .array/port v0x3472f4f0, 705;
v0x3472f4f0_706 .array/port v0x3472f4f0, 706;
E_0x34680000/497 .event anyedge, v0x3472f4f0_703, v0x3472f4f0_704, v0x3472f4f0_705, v0x3472f4f0_706;
v0x3472f4f0_707 .array/port v0x3472f4f0, 707;
v0x3472f4f0_708 .array/port v0x3472f4f0, 708;
v0x3472f4f0_709 .array/port v0x3472f4f0, 709;
v0x3472f4f0_710 .array/port v0x3472f4f0, 710;
E_0x34680000/498 .event anyedge, v0x3472f4f0_707, v0x3472f4f0_708, v0x3472f4f0_709, v0x3472f4f0_710;
v0x3472f4f0_711 .array/port v0x3472f4f0, 711;
v0x3472f4f0_712 .array/port v0x3472f4f0, 712;
v0x3472f4f0_713 .array/port v0x3472f4f0, 713;
v0x3472f4f0_714 .array/port v0x3472f4f0, 714;
E_0x34680000/499 .event anyedge, v0x3472f4f0_711, v0x3472f4f0_712, v0x3472f4f0_713, v0x3472f4f0_714;
v0x3472f4f0_715 .array/port v0x3472f4f0, 715;
v0x3472f4f0_716 .array/port v0x3472f4f0, 716;
v0x3472f4f0_717 .array/port v0x3472f4f0, 717;
v0x3472f4f0_718 .array/port v0x3472f4f0, 718;
E_0x34680000/500 .event anyedge, v0x3472f4f0_715, v0x3472f4f0_716, v0x3472f4f0_717, v0x3472f4f0_718;
v0x3472f4f0_719 .array/port v0x3472f4f0, 719;
v0x3472f4f0_720 .array/port v0x3472f4f0, 720;
v0x3472f4f0_721 .array/port v0x3472f4f0, 721;
v0x3472f4f0_722 .array/port v0x3472f4f0, 722;
E_0x34680000/501 .event anyedge, v0x3472f4f0_719, v0x3472f4f0_720, v0x3472f4f0_721, v0x3472f4f0_722;
v0x3472f4f0_723 .array/port v0x3472f4f0, 723;
v0x3472f4f0_724 .array/port v0x3472f4f0, 724;
v0x3472f4f0_725 .array/port v0x3472f4f0, 725;
v0x3472f4f0_726 .array/port v0x3472f4f0, 726;
E_0x34680000/502 .event anyedge, v0x3472f4f0_723, v0x3472f4f0_724, v0x3472f4f0_725, v0x3472f4f0_726;
v0x3472f4f0_727 .array/port v0x3472f4f0, 727;
v0x3472f4f0_728 .array/port v0x3472f4f0, 728;
v0x3472f4f0_729 .array/port v0x3472f4f0, 729;
v0x3472f4f0_730 .array/port v0x3472f4f0, 730;
E_0x34680000/503 .event anyedge, v0x3472f4f0_727, v0x3472f4f0_728, v0x3472f4f0_729, v0x3472f4f0_730;
v0x3472f4f0_731 .array/port v0x3472f4f0, 731;
v0x3472f4f0_732 .array/port v0x3472f4f0, 732;
v0x3472f4f0_733 .array/port v0x3472f4f0, 733;
v0x3472f4f0_734 .array/port v0x3472f4f0, 734;
E_0x34680000/504 .event anyedge, v0x3472f4f0_731, v0x3472f4f0_732, v0x3472f4f0_733, v0x3472f4f0_734;
v0x3472f4f0_735 .array/port v0x3472f4f0, 735;
v0x3472f4f0_736 .array/port v0x3472f4f0, 736;
v0x3472f4f0_737 .array/port v0x3472f4f0, 737;
v0x3472f4f0_738 .array/port v0x3472f4f0, 738;
E_0x34680000/505 .event anyedge, v0x3472f4f0_735, v0x3472f4f0_736, v0x3472f4f0_737, v0x3472f4f0_738;
v0x3472f4f0_739 .array/port v0x3472f4f0, 739;
v0x3472f4f0_740 .array/port v0x3472f4f0, 740;
v0x3472f4f0_741 .array/port v0x3472f4f0, 741;
v0x3472f4f0_742 .array/port v0x3472f4f0, 742;
E_0x34680000/506 .event anyedge, v0x3472f4f0_739, v0x3472f4f0_740, v0x3472f4f0_741, v0x3472f4f0_742;
v0x3472f4f0_743 .array/port v0x3472f4f0, 743;
v0x3472f4f0_744 .array/port v0x3472f4f0, 744;
v0x3472f4f0_745 .array/port v0x3472f4f0, 745;
v0x3472f4f0_746 .array/port v0x3472f4f0, 746;
E_0x34680000/507 .event anyedge, v0x3472f4f0_743, v0x3472f4f0_744, v0x3472f4f0_745, v0x3472f4f0_746;
v0x3472f4f0_747 .array/port v0x3472f4f0, 747;
v0x3472f4f0_748 .array/port v0x3472f4f0, 748;
v0x3472f4f0_749 .array/port v0x3472f4f0, 749;
v0x3472f4f0_750 .array/port v0x3472f4f0, 750;
E_0x34680000/508 .event anyedge, v0x3472f4f0_747, v0x3472f4f0_748, v0x3472f4f0_749, v0x3472f4f0_750;
v0x3472f4f0_751 .array/port v0x3472f4f0, 751;
v0x3472f4f0_752 .array/port v0x3472f4f0, 752;
v0x3472f4f0_753 .array/port v0x3472f4f0, 753;
v0x3472f4f0_754 .array/port v0x3472f4f0, 754;
E_0x34680000/509 .event anyedge, v0x3472f4f0_751, v0x3472f4f0_752, v0x3472f4f0_753, v0x3472f4f0_754;
v0x3472f4f0_755 .array/port v0x3472f4f0, 755;
v0x3472f4f0_756 .array/port v0x3472f4f0, 756;
v0x3472f4f0_757 .array/port v0x3472f4f0, 757;
v0x3472f4f0_758 .array/port v0x3472f4f0, 758;
E_0x34680000/510 .event anyedge, v0x3472f4f0_755, v0x3472f4f0_756, v0x3472f4f0_757, v0x3472f4f0_758;
v0x3472f4f0_759 .array/port v0x3472f4f0, 759;
v0x3472f4f0_760 .array/port v0x3472f4f0, 760;
v0x3472f4f0_761 .array/port v0x3472f4f0, 761;
v0x3472f4f0_762 .array/port v0x3472f4f0, 762;
E_0x34680000/511 .event anyedge, v0x3472f4f0_759, v0x3472f4f0_760, v0x3472f4f0_761, v0x3472f4f0_762;
v0x3472f4f0_763 .array/port v0x3472f4f0, 763;
v0x3472f4f0_764 .array/port v0x3472f4f0, 764;
v0x3472f4f0_765 .array/port v0x3472f4f0, 765;
v0x3472f4f0_766 .array/port v0x3472f4f0, 766;
E_0x34680000/512 .event anyedge, v0x3472f4f0_763, v0x3472f4f0_764, v0x3472f4f0_765, v0x3472f4f0_766;
v0x3472f4f0_767 .array/port v0x3472f4f0, 767;
v0x3472f4f0_768 .array/port v0x3472f4f0, 768;
v0x3472f4f0_769 .array/port v0x3472f4f0, 769;
v0x3472f4f0_770 .array/port v0x3472f4f0, 770;
E_0x34680000/513 .event anyedge, v0x3472f4f0_767, v0x3472f4f0_768, v0x3472f4f0_769, v0x3472f4f0_770;
v0x3472f4f0_771 .array/port v0x3472f4f0, 771;
v0x3472f4f0_772 .array/port v0x3472f4f0, 772;
v0x3472f4f0_773 .array/port v0x3472f4f0, 773;
v0x3472f4f0_774 .array/port v0x3472f4f0, 774;
E_0x34680000/514 .event anyedge, v0x3472f4f0_771, v0x3472f4f0_772, v0x3472f4f0_773, v0x3472f4f0_774;
v0x3472f4f0_775 .array/port v0x3472f4f0, 775;
v0x3472f4f0_776 .array/port v0x3472f4f0, 776;
v0x3472f4f0_777 .array/port v0x3472f4f0, 777;
v0x3472f4f0_778 .array/port v0x3472f4f0, 778;
E_0x34680000/515 .event anyedge, v0x3472f4f0_775, v0x3472f4f0_776, v0x3472f4f0_777, v0x3472f4f0_778;
v0x3472f4f0_779 .array/port v0x3472f4f0, 779;
v0x3472f4f0_780 .array/port v0x3472f4f0, 780;
v0x3472f4f0_781 .array/port v0x3472f4f0, 781;
v0x3472f4f0_782 .array/port v0x3472f4f0, 782;
E_0x34680000/516 .event anyedge, v0x3472f4f0_779, v0x3472f4f0_780, v0x3472f4f0_781, v0x3472f4f0_782;
v0x3472f4f0_783 .array/port v0x3472f4f0, 783;
v0x3472f4f0_784 .array/port v0x3472f4f0, 784;
v0x3472f4f0_785 .array/port v0x3472f4f0, 785;
v0x3472f4f0_786 .array/port v0x3472f4f0, 786;
E_0x34680000/517 .event anyedge, v0x3472f4f0_783, v0x3472f4f0_784, v0x3472f4f0_785, v0x3472f4f0_786;
v0x3472f4f0_787 .array/port v0x3472f4f0, 787;
v0x3472f4f0_788 .array/port v0x3472f4f0, 788;
v0x3472f4f0_789 .array/port v0x3472f4f0, 789;
v0x3472f4f0_790 .array/port v0x3472f4f0, 790;
E_0x34680000/518 .event anyedge, v0x3472f4f0_787, v0x3472f4f0_788, v0x3472f4f0_789, v0x3472f4f0_790;
v0x3472f4f0_791 .array/port v0x3472f4f0, 791;
v0x3472f4f0_792 .array/port v0x3472f4f0, 792;
v0x3472f4f0_793 .array/port v0x3472f4f0, 793;
v0x3472f4f0_794 .array/port v0x3472f4f0, 794;
E_0x34680000/519 .event anyedge, v0x3472f4f0_791, v0x3472f4f0_792, v0x3472f4f0_793, v0x3472f4f0_794;
v0x3472f4f0_795 .array/port v0x3472f4f0, 795;
v0x3472f4f0_796 .array/port v0x3472f4f0, 796;
v0x3472f4f0_797 .array/port v0x3472f4f0, 797;
v0x3472f4f0_798 .array/port v0x3472f4f0, 798;
E_0x34680000/520 .event anyedge, v0x3472f4f0_795, v0x3472f4f0_796, v0x3472f4f0_797, v0x3472f4f0_798;
v0x3472f4f0_799 .array/port v0x3472f4f0, 799;
v0x3472f4f0_800 .array/port v0x3472f4f0, 800;
v0x3472f4f0_801 .array/port v0x3472f4f0, 801;
v0x3472f4f0_802 .array/port v0x3472f4f0, 802;
E_0x34680000/521 .event anyedge, v0x3472f4f0_799, v0x3472f4f0_800, v0x3472f4f0_801, v0x3472f4f0_802;
v0x3472f4f0_803 .array/port v0x3472f4f0, 803;
v0x3472f4f0_804 .array/port v0x3472f4f0, 804;
v0x3472f4f0_805 .array/port v0x3472f4f0, 805;
v0x3472f4f0_806 .array/port v0x3472f4f0, 806;
E_0x34680000/522 .event anyedge, v0x3472f4f0_803, v0x3472f4f0_804, v0x3472f4f0_805, v0x3472f4f0_806;
v0x3472f4f0_807 .array/port v0x3472f4f0, 807;
v0x3472f4f0_808 .array/port v0x3472f4f0, 808;
v0x3472f4f0_809 .array/port v0x3472f4f0, 809;
v0x3472f4f0_810 .array/port v0x3472f4f0, 810;
E_0x34680000/523 .event anyedge, v0x3472f4f0_807, v0x3472f4f0_808, v0x3472f4f0_809, v0x3472f4f0_810;
v0x3472f4f0_811 .array/port v0x3472f4f0, 811;
v0x3472f4f0_812 .array/port v0x3472f4f0, 812;
v0x3472f4f0_813 .array/port v0x3472f4f0, 813;
v0x3472f4f0_814 .array/port v0x3472f4f0, 814;
E_0x34680000/524 .event anyedge, v0x3472f4f0_811, v0x3472f4f0_812, v0x3472f4f0_813, v0x3472f4f0_814;
v0x3472f4f0_815 .array/port v0x3472f4f0, 815;
v0x3472f4f0_816 .array/port v0x3472f4f0, 816;
v0x3472f4f0_817 .array/port v0x3472f4f0, 817;
v0x3472f4f0_818 .array/port v0x3472f4f0, 818;
E_0x34680000/525 .event anyedge, v0x3472f4f0_815, v0x3472f4f0_816, v0x3472f4f0_817, v0x3472f4f0_818;
v0x3472f4f0_819 .array/port v0x3472f4f0, 819;
v0x3472f4f0_820 .array/port v0x3472f4f0, 820;
v0x3472f4f0_821 .array/port v0x3472f4f0, 821;
v0x3472f4f0_822 .array/port v0x3472f4f0, 822;
E_0x34680000/526 .event anyedge, v0x3472f4f0_819, v0x3472f4f0_820, v0x3472f4f0_821, v0x3472f4f0_822;
v0x3472f4f0_823 .array/port v0x3472f4f0, 823;
v0x3472f4f0_824 .array/port v0x3472f4f0, 824;
v0x3472f4f0_825 .array/port v0x3472f4f0, 825;
v0x3472f4f0_826 .array/port v0x3472f4f0, 826;
E_0x34680000/527 .event anyedge, v0x3472f4f0_823, v0x3472f4f0_824, v0x3472f4f0_825, v0x3472f4f0_826;
v0x3472f4f0_827 .array/port v0x3472f4f0, 827;
v0x3472f4f0_828 .array/port v0x3472f4f0, 828;
v0x3472f4f0_829 .array/port v0x3472f4f0, 829;
v0x3472f4f0_830 .array/port v0x3472f4f0, 830;
E_0x34680000/528 .event anyedge, v0x3472f4f0_827, v0x3472f4f0_828, v0x3472f4f0_829, v0x3472f4f0_830;
v0x3472f4f0_831 .array/port v0x3472f4f0, 831;
v0x3472f4f0_832 .array/port v0x3472f4f0, 832;
v0x3472f4f0_833 .array/port v0x3472f4f0, 833;
v0x3472f4f0_834 .array/port v0x3472f4f0, 834;
E_0x34680000/529 .event anyedge, v0x3472f4f0_831, v0x3472f4f0_832, v0x3472f4f0_833, v0x3472f4f0_834;
v0x3472f4f0_835 .array/port v0x3472f4f0, 835;
v0x3472f4f0_836 .array/port v0x3472f4f0, 836;
v0x3472f4f0_837 .array/port v0x3472f4f0, 837;
v0x3472f4f0_838 .array/port v0x3472f4f0, 838;
E_0x34680000/530 .event anyedge, v0x3472f4f0_835, v0x3472f4f0_836, v0x3472f4f0_837, v0x3472f4f0_838;
v0x3472f4f0_839 .array/port v0x3472f4f0, 839;
v0x3472f4f0_840 .array/port v0x3472f4f0, 840;
v0x3472f4f0_841 .array/port v0x3472f4f0, 841;
v0x3472f4f0_842 .array/port v0x3472f4f0, 842;
E_0x34680000/531 .event anyedge, v0x3472f4f0_839, v0x3472f4f0_840, v0x3472f4f0_841, v0x3472f4f0_842;
v0x3472f4f0_843 .array/port v0x3472f4f0, 843;
v0x3472f4f0_844 .array/port v0x3472f4f0, 844;
v0x3472f4f0_845 .array/port v0x3472f4f0, 845;
v0x3472f4f0_846 .array/port v0x3472f4f0, 846;
E_0x34680000/532 .event anyedge, v0x3472f4f0_843, v0x3472f4f0_844, v0x3472f4f0_845, v0x3472f4f0_846;
v0x3472f4f0_847 .array/port v0x3472f4f0, 847;
v0x3472f4f0_848 .array/port v0x3472f4f0, 848;
v0x3472f4f0_849 .array/port v0x3472f4f0, 849;
v0x3472f4f0_850 .array/port v0x3472f4f0, 850;
E_0x34680000/533 .event anyedge, v0x3472f4f0_847, v0x3472f4f0_848, v0x3472f4f0_849, v0x3472f4f0_850;
v0x3472f4f0_851 .array/port v0x3472f4f0, 851;
v0x3472f4f0_852 .array/port v0x3472f4f0, 852;
v0x3472f4f0_853 .array/port v0x3472f4f0, 853;
v0x3472f4f0_854 .array/port v0x3472f4f0, 854;
E_0x34680000/534 .event anyedge, v0x3472f4f0_851, v0x3472f4f0_852, v0x3472f4f0_853, v0x3472f4f0_854;
v0x3472f4f0_855 .array/port v0x3472f4f0, 855;
v0x3472f4f0_856 .array/port v0x3472f4f0, 856;
v0x3472f4f0_857 .array/port v0x3472f4f0, 857;
v0x3472f4f0_858 .array/port v0x3472f4f0, 858;
E_0x34680000/535 .event anyedge, v0x3472f4f0_855, v0x3472f4f0_856, v0x3472f4f0_857, v0x3472f4f0_858;
v0x3472f4f0_859 .array/port v0x3472f4f0, 859;
v0x3472f4f0_860 .array/port v0x3472f4f0, 860;
v0x3472f4f0_861 .array/port v0x3472f4f0, 861;
v0x3472f4f0_862 .array/port v0x3472f4f0, 862;
E_0x34680000/536 .event anyedge, v0x3472f4f0_859, v0x3472f4f0_860, v0x3472f4f0_861, v0x3472f4f0_862;
v0x3472f4f0_863 .array/port v0x3472f4f0, 863;
v0x3472f4f0_864 .array/port v0x3472f4f0, 864;
v0x3472f4f0_865 .array/port v0x3472f4f0, 865;
v0x3472f4f0_866 .array/port v0x3472f4f0, 866;
E_0x34680000/537 .event anyedge, v0x3472f4f0_863, v0x3472f4f0_864, v0x3472f4f0_865, v0x3472f4f0_866;
v0x3472f4f0_867 .array/port v0x3472f4f0, 867;
v0x3472f4f0_868 .array/port v0x3472f4f0, 868;
v0x3472f4f0_869 .array/port v0x3472f4f0, 869;
v0x3472f4f0_870 .array/port v0x3472f4f0, 870;
E_0x34680000/538 .event anyedge, v0x3472f4f0_867, v0x3472f4f0_868, v0x3472f4f0_869, v0x3472f4f0_870;
v0x3472f4f0_871 .array/port v0x3472f4f0, 871;
v0x3472f4f0_872 .array/port v0x3472f4f0, 872;
v0x3472f4f0_873 .array/port v0x3472f4f0, 873;
v0x3472f4f0_874 .array/port v0x3472f4f0, 874;
E_0x34680000/539 .event anyedge, v0x3472f4f0_871, v0x3472f4f0_872, v0x3472f4f0_873, v0x3472f4f0_874;
v0x3472f4f0_875 .array/port v0x3472f4f0, 875;
v0x3472f4f0_876 .array/port v0x3472f4f0, 876;
v0x3472f4f0_877 .array/port v0x3472f4f0, 877;
v0x3472f4f0_878 .array/port v0x3472f4f0, 878;
E_0x34680000/540 .event anyedge, v0x3472f4f0_875, v0x3472f4f0_876, v0x3472f4f0_877, v0x3472f4f0_878;
v0x3472f4f0_879 .array/port v0x3472f4f0, 879;
v0x3472f4f0_880 .array/port v0x3472f4f0, 880;
v0x3472f4f0_881 .array/port v0x3472f4f0, 881;
v0x3472f4f0_882 .array/port v0x3472f4f0, 882;
E_0x34680000/541 .event anyedge, v0x3472f4f0_879, v0x3472f4f0_880, v0x3472f4f0_881, v0x3472f4f0_882;
v0x3472f4f0_883 .array/port v0x3472f4f0, 883;
v0x3472f4f0_884 .array/port v0x3472f4f0, 884;
v0x3472f4f0_885 .array/port v0x3472f4f0, 885;
v0x3472f4f0_886 .array/port v0x3472f4f0, 886;
E_0x34680000/542 .event anyedge, v0x3472f4f0_883, v0x3472f4f0_884, v0x3472f4f0_885, v0x3472f4f0_886;
v0x3472f4f0_887 .array/port v0x3472f4f0, 887;
v0x3472f4f0_888 .array/port v0x3472f4f0, 888;
v0x3472f4f0_889 .array/port v0x3472f4f0, 889;
v0x3472f4f0_890 .array/port v0x3472f4f0, 890;
E_0x34680000/543 .event anyedge, v0x3472f4f0_887, v0x3472f4f0_888, v0x3472f4f0_889, v0x3472f4f0_890;
v0x3472f4f0_891 .array/port v0x3472f4f0, 891;
v0x3472f4f0_892 .array/port v0x3472f4f0, 892;
v0x3472f4f0_893 .array/port v0x3472f4f0, 893;
v0x3472f4f0_894 .array/port v0x3472f4f0, 894;
E_0x34680000/544 .event anyedge, v0x3472f4f0_891, v0x3472f4f0_892, v0x3472f4f0_893, v0x3472f4f0_894;
v0x3472f4f0_895 .array/port v0x3472f4f0, 895;
v0x3472f4f0_896 .array/port v0x3472f4f0, 896;
v0x3472f4f0_897 .array/port v0x3472f4f0, 897;
v0x3472f4f0_898 .array/port v0x3472f4f0, 898;
E_0x34680000/545 .event anyedge, v0x3472f4f0_895, v0x3472f4f0_896, v0x3472f4f0_897, v0x3472f4f0_898;
v0x3472f4f0_899 .array/port v0x3472f4f0, 899;
v0x3472f4f0_900 .array/port v0x3472f4f0, 900;
v0x3472f4f0_901 .array/port v0x3472f4f0, 901;
v0x3472f4f0_902 .array/port v0x3472f4f0, 902;
E_0x34680000/546 .event anyedge, v0x3472f4f0_899, v0x3472f4f0_900, v0x3472f4f0_901, v0x3472f4f0_902;
v0x3472f4f0_903 .array/port v0x3472f4f0, 903;
v0x3472f4f0_904 .array/port v0x3472f4f0, 904;
v0x3472f4f0_905 .array/port v0x3472f4f0, 905;
v0x3472f4f0_906 .array/port v0x3472f4f0, 906;
E_0x34680000/547 .event anyedge, v0x3472f4f0_903, v0x3472f4f0_904, v0x3472f4f0_905, v0x3472f4f0_906;
v0x3472f4f0_907 .array/port v0x3472f4f0, 907;
v0x3472f4f0_908 .array/port v0x3472f4f0, 908;
v0x3472f4f0_909 .array/port v0x3472f4f0, 909;
v0x3472f4f0_910 .array/port v0x3472f4f0, 910;
E_0x34680000/548 .event anyedge, v0x3472f4f0_907, v0x3472f4f0_908, v0x3472f4f0_909, v0x3472f4f0_910;
v0x3472f4f0_911 .array/port v0x3472f4f0, 911;
v0x3472f4f0_912 .array/port v0x3472f4f0, 912;
v0x3472f4f0_913 .array/port v0x3472f4f0, 913;
v0x3472f4f0_914 .array/port v0x3472f4f0, 914;
E_0x34680000/549 .event anyedge, v0x3472f4f0_911, v0x3472f4f0_912, v0x3472f4f0_913, v0x3472f4f0_914;
v0x3472f4f0_915 .array/port v0x3472f4f0, 915;
v0x3472f4f0_916 .array/port v0x3472f4f0, 916;
v0x3472f4f0_917 .array/port v0x3472f4f0, 917;
v0x3472f4f0_918 .array/port v0x3472f4f0, 918;
E_0x34680000/550 .event anyedge, v0x3472f4f0_915, v0x3472f4f0_916, v0x3472f4f0_917, v0x3472f4f0_918;
v0x3472f4f0_919 .array/port v0x3472f4f0, 919;
v0x3472f4f0_920 .array/port v0x3472f4f0, 920;
v0x3472f4f0_921 .array/port v0x3472f4f0, 921;
v0x3472f4f0_922 .array/port v0x3472f4f0, 922;
E_0x34680000/551 .event anyedge, v0x3472f4f0_919, v0x3472f4f0_920, v0x3472f4f0_921, v0x3472f4f0_922;
v0x3472f4f0_923 .array/port v0x3472f4f0, 923;
v0x3472f4f0_924 .array/port v0x3472f4f0, 924;
v0x3472f4f0_925 .array/port v0x3472f4f0, 925;
v0x3472f4f0_926 .array/port v0x3472f4f0, 926;
E_0x34680000/552 .event anyedge, v0x3472f4f0_923, v0x3472f4f0_924, v0x3472f4f0_925, v0x3472f4f0_926;
v0x3472f4f0_927 .array/port v0x3472f4f0, 927;
v0x3472f4f0_928 .array/port v0x3472f4f0, 928;
v0x3472f4f0_929 .array/port v0x3472f4f0, 929;
v0x3472f4f0_930 .array/port v0x3472f4f0, 930;
E_0x34680000/553 .event anyedge, v0x3472f4f0_927, v0x3472f4f0_928, v0x3472f4f0_929, v0x3472f4f0_930;
v0x3472f4f0_931 .array/port v0x3472f4f0, 931;
v0x3472f4f0_932 .array/port v0x3472f4f0, 932;
v0x3472f4f0_933 .array/port v0x3472f4f0, 933;
v0x3472f4f0_934 .array/port v0x3472f4f0, 934;
E_0x34680000/554 .event anyedge, v0x3472f4f0_931, v0x3472f4f0_932, v0x3472f4f0_933, v0x3472f4f0_934;
v0x3472f4f0_935 .array/port v0x3472f4f0, 935;
v0x3472f4f0_936 .array/port v0x3472f4f0, 936;
v0x3472f4f0_937 .array/port v0x3472f4f0, 937;
v0x3472f4f0_938 .array/port v0x3472f4f0, 938;
E_0x34680000/555 .event anyedge, v0x3472f4f0_935, v0x3472f4f0_936, v0x3472f4f0_937, v0x3472f4f0_938;
v0x3472f4f0_939 .array/port v0x3472f4f0, 939;
v0x3472f4f0_940 .array/port v0x3472f4f0, 940;
v0x3472f4f0_941 .array/port v0x3472f4f0, 941;
v0x3472f4f0_942 .array/port v0x3472f4f0, 942;
E_0x34680000/556 .event anyedge, v0x3472f4f0_939, v0x3472f4f0_940, v0x3472f4f0_941, v0x3472f4f0_942;
v0x3472f4f0_943 .array/port v0x3472f4f0, 943;
v0x3472f4f0_944 .array/port v0x3472f4f0, 944;
v0x3472f4f0_945 .array/port v0x3472f4f0, 945;
v0x3472f4f0_946 .array/port v0x3472f4f0, 946;
E_0x34680000/557 .event anyedge, v0x3472f4f0_943, v0x3472f4f0_944, v0x3472f4f0_945, v0x3472f4f0_946;
v0x3472f4f0_947 .array/port v0x3472f4f0, 947;
v0x3472f4f0_948 .array/port v0x3472f4f0, 948;
v0x3472f4f0_949 .array/port v0x3472f4f0, 949;
v0x3472f4f0_950 .array/port v0x3472f4f0, 950;
E_0x34680000/558 .event anyedge, v0x3472f4f0_947, v0x3472f4f0_948, v0x3472f4f0_949, v0x3472f4f0_950;
v0x3472f4f0_951 .array/port v0x3472f4f0, 951;
v0x3472f4f0_952 .array/port v0x3472f4f0, 952;
v0x3472f4f0_953 .array/port v0x3472f4f0, 953;
v0x3472f4f0_954 .array/port v0x3472f4f0, 954;
E_0x34680000/559 .event anyedge, v0x3472f4f0_951, v0x3472f4f0_952, v0x3472f4f0_953, v0x3472f4f0_954;
v0x3472f4f0_955 .array/port v0x3472f4f0, 955;
v0x3472f4f0_956 .array/port v0x3472f4f0, 956;
v0x3472f4f0_957 .array/port v0x3472f4f0, 957;
v0x3472f4f0_958 .array/port v0x3472f4f0, 958;
E_0x34680000/560 .event anyedge, v0x3472f4f0_955, v0x3472f4f0_956, v0x3472f4f0_957, v0x3472f4f0_958;
v0x3472f4f0_959 .array/port v0x3472f4f0, 959;
v0x3472f4f0_960 .array/port v0x3472f4f0, 960;
v0x3472f4f0_961 .array/port v0x3472f4f0, 961;
v0x3472f4f0_962 .array/port v0x3472f4f0, 962;
E_0x34680000/561 .event anyedge, v0x3472f4f0_959, v0x3472f4f0_960, v0x3472f4f0_961, v0x3472f4f0_962;
v0x3472f4f0_963 .array/port v0x3472f4f0, 963;
v0x3472f4f0_964 .array/port v0x3472f4f0, 964;
v0x3472f4f0_965 .array/port v0x3472f4f0, 965;
v0x3472f4f0_966 .array/port v0x3472f4f0, 966;
E_0x34680000/562 .event anyedge, v0x3472f4f0_963, v0x3472f4f0_964, v0x3472f4f0_965, v0x3472f4f0_966;
v0x3472f4f0_967 .array/port v0x3472f4f0, 967;
v0x3472f4f0_968 .array/port v0x3472f4f0, 968;
v0x3472f4f0_969 .array/port v0x3472f4f0, 969;
v0x3472f4f0_970 .array/port v0x3472f4f0, 970;
E_0x34680000/563 .event anyedge, v0x3472f4f0_967, v0x3472f4f0_968, v0x3472f4f0_969, v0x3472f4f0_970;
v0x3472f4f0_971 .array/port v0x3472f4f0, 971;
v0x3472f4f0_972 .array/port v0x3472f4f0, 972;
v0x3472f4f0_973 .array/port v0x3472f4f0, 973;
v0x3472f4f0_974 .array/port v0x3472f4f0, 974;
E_0x34680000/564 .event anyedge, v0x3472f4f0_971, v0x3472f4f0_972, v0x3472f4f0_973, v0x3472f4f0_974;
v0x3472f4f0_975 .array/port v0x3472f4f0, 975;
v0x3472f4f0_976 .array/port v0x3472f4f0, 976;
v0x3472f4f0_977 .array/port v0x3472f4f0, 977;
v0x3472f4f0_978 .array/port v0x3472f4f0, 978;
E_0x34680000/565 .event anyedge, v0x3472f4f0_975, v0x3472f4f0_976, v0x3472f4f0_977, v0x3472f4f0_978;
v0x3472f4f0_979 .array/port v0x3472f4f0, 979;
v0x3472f4f0_980 .array/port v0x3472f4f0, 980;
v0x3472f4f0_981 .array/port v0x3472f4f0, 981;
v0x3472f4f0_982 .array/port v0x3472f4f0, 982;
E_0x34680000/566 .event anyedge, v0x3472f4f0_979, v0x3472f4f0_980, v0x3472f4f0_981, v0x3472f4f0_982;
v0x3472f4f0_983 .array/port v0x3472f4f0, 983;
v0x3472f4f0_984 .array/port v0x3472f4f0, 984;
v0x3472f4f0_985 .array/port v0x3472f4f0, 985;
v0x3472f4f0_986 .array/port v0x3472f4f0, 986;
E_0x34680000/567 .event anyedge, v0x3472f4f0_983, v0x3472f4f0_984, v0x3472f4f0_985, v0x3472f4f0_986;
v0x3472f4f0_987 .array/port v0x3472f4f0, 987;
v0x3472f4f0_988 .array/port v0x3472f4f0, 988;
v0x3472f4f0_989 .array/port v0x3472f4f0, 989;
v0x3472f4f0_990 .array/port v0x3472f4f0, 990;
E_0x34680000/568 .event anyedge, v0x3472f4f0_987, v0x3472f4f0_988, v0x3472f4f0_989, v0x3472f4f0_990;
v0x3472f4f0_991 .array/port v0x3472f4f0, 991;
v0x3472f4f0_992 .array/port v0x3472f4f0, 992;
v0x3472f4f0_993 .array/port v0x3472f4f0, 993;
v0x3472f4f0_994 .array/port v0x3472f4f0, 994;
E_0x34680000/569 .event anyedge, v0x3472f4f0_991, v0x3472f4f0_992, v0x3472f4f0_993, v0x3472f4f0_994;
v0x3472f4f0_995 .array/port v0x3472f4f0, 995;
v0x3472f4f0_996 .array/port v0x3472f4f0, 996;
v0x3472f4f0_997 .array/port v0x3472f4f0, 997;
v0x3472f4f0_998 .array/port v0x3472f4f0, 998;
E_0x34680000/570 .event anyedge, v0x3472f4f0_995, v0x3472f4f0_996, v0x3472f4f0_997, v0x3472f4f0_998;
v0x3472f4f0_999 .array/port v0x3472f4f0, 999;
v0x3472f4f0_1000 .array/port v0x3472f4f0, 1000;
v0x3472f4f0_1001 .array/port v0x3472f4f0, 1001;
v0x3472f4f0_1002 .array/port v0x3472f4f0, 1002;
E_0x34680000/571 .event anyedge, v0x3472f4f0_999, v0x3472f4f0_1000, v0x3472f4f0_1001, v0x3472f4f0_1002;
v0x3472f4f0_1003 .array/port v0x3472f4f0, 1003;
v0x3472f4f0_1004 .array/port v0x3472f4f0, 1004;
v0x3472f4f0_1005 .array/port v0x3472f4f0, 1005;
v0x3472f4f0_1006 .array/port v0x3472f4f0, 1006;
E_0x34680000/572 .event anyedge, v0x3472f4f0_1003, v0x3472f4f0_1004, v0x3472f4f0_1005, v0x3472f4f0_1006;
v0x3472f4f0_1007 .array/port v0x3472f4f0, 1007;
v0x3472f4f0_1008 .array/port v0x3472f4f0, 1008;
v0x3472f4f0_1009 .array/port v0x3472f4f0, 1009;
v0x3472f4f0_1010 .array/port v0x3472f4f0, 1010;
E_0x34680000/573 .event anyedge, v0x3472f4f0_1007, v0x3472f4f0_1008, v0x3472f4f0_1009, v0x3472f4f0_1010;
v0x3472f4f0_1011 .array/port v0x3472f4f0, 1011;
v0x3472f4f0_1012 .array/port v0x3472f4f0, 1012;
v0x3472f4f0_1013 .array/port v0x3472f4f0, 1013;
v0x3472f4f0_1014 .array/port v0x3472f4f0, 1014;
E_0x34680000/574 .event anyedge, v0x3472f4f0_1011, v0x3472f4f0_1012, v0x3472f4f0_1013, v0x3472f4f0_1014;
v0x3472f4f0_1015 .array/port v0x3472f4f0, 1015;
v0x3472f4f0_1016 .array/port v0x3472f4f0, 1016;
v0x3472f4f0_1017 .array/port v0x3472f4f0, 1017;
v0x3472f4f0_1018 .array/port v0x3472f4f0, 1018;
E_0x34680000/575 .event anyedge, v0x3472f4f0_1015, v0x3472f4f0_1016, v0x3472f4f0_1017, v0x3472f4f0_1018;
v0x3472f4f0_1019 .array/port v0x3472f4f0, 1019;
v0x3472f4f0_1020 .array/port v0x3472f4f0, 1020;
v0x3472f4f0_1021 .array/port v0x3472f4f0, 1021;
v0x3472f4f0_1022 .array/port v0x3472f4f0, 1022;
E_0x34680000/576 .event anyedge, v0x3472f4f0_1019, v0x3472f4f0_1020, v0x3472f4f0_1021, v0x3472f4f0_1022;
v0x3472f4f0_1023 .array/port v0x3472f4f0, 1023;
E_0x34680000/577 .event anyedge, v0x3472f4f0_1023, v0x3472c680_0;
E_0x34680000 .event/or E_0x34680000/0, E_0x34680000/1, E_0x34680000/2, E_0x34680000/3, E_0x34680000/4, E_0x34680000/5, E_0x34680000/6, E_0x34680000/7, E_0x34680000/8, E_0x34680000/9, E_0x34680000/10, E_0x34680000/11, E_0x34680000/12, E_0x34680000/13, E_0x34680000/14, E_0x34680000/15, E_0x34680000/16, E_0x34680000/17, E_0x34680000/18, E_0x34680000/19, E_0x34680000/20, E_0x34680000/21, E_0x34680000/22, E_0x34680000/23, E_0x34680000/24, E_0x34680000/25, E_0x34680000/26, E_0x34680000/27, E_0x34680000/28, E_0x34680000/29, E_0x34680000/30, E_0x34680000/31, E_0x34680000/32, E_0x34680000/33, E_0x34680000/34, E_0x34680000/35, E_0x34680000/36, E_0x34680000/37, E_0x34680000/38, E_0x34680000/39, E_0x34680000/40, E_0x34680000/41, E_0x34680000/42, E_0x34680000/43, E_0x34680000/44, E_0x34680000/45, E_0x34680000/46, E_0x34680000/47, E_0x34680000/48, E_0x34680000/49, E_0x34680000/50, E_0x34680000/51, E_0x34680000/52, E_0x34680000/53, E_0x34680000/54, E_0x34680000/55, E_0x34680000/56, E_0x34680000/57, E_0x34680000/58, E_0x34680000/59, E_0x34680000/60, E_0x34680000/61, E_0x34680000/62, E_0x34680000/63, E_0x34680000/64, E_0x34680000/65, E_0x34680000/66, E_0x34680000/67, E_0x34680000/68, E_0x34680000/69, E_0x34680000/70, E_0x34680000/71, E_0x34680000/72, E_0x34680000/73, E_0x34680000/74, E_0x34680000/75, E_0x34680000/76, E_0x34680000/77, E_0x34680000/78, E_0x34680000/79, E_0x34680000/80, E_0x34680000/81, E_0x34680000/82, E_0x34680000/83, E_0x34680000/84, E_0x34680000/85, E_0x34680000/86, E_0x34680000/87, E_0x34680000/88, E_0x34680000/89, E_0x34680000/90, E_0x34680000/91, E_0x34680000/92, E_0x34680000/93, E_0x34680000/94, E_0x34680000/95, E_0x34680000/96, E_0x34680000/97, E_0x34680000/98, E_0x34680000/99, E_0x34680000/100, E_0x34680000/101, E_0x34680000/102, E_0x34680000/103, E_0x34680000/104, E_0x34680000/105, E_0x34680000/106, E_0x34680000/107, E_0x34680000/108, E_0x34680000/109, E_0x34680000/110, E_0x34680000/111, E_0x34680000/112, E_0x34680000/113, E_0x34680000/114, E_0x34680000/115, E_0x34680000/116, E_0x34680000/117, E_0x34680000/118, E_0x34680000/119, E_0x34680000/120, E_0x34680000/121, E_0x34680000/122, E_0x34680000/123, E_0x34680000/124, E_0x34680000/125, E_0x34680000/126, E_0x34680000/127, E_0x34680000/128, E_0x34680000/129, E_0x34680000/130, E_0x34680000/131, E_0x34680000/132, E_0x34680000/133, E_0x34680000/134, E_0x34680000/135, E_0x34680000/136, E_0x34680000/137, E_0x34680000/138, E_0x34680000/139, E_0x34680000/140, E_0x34680000/141, E_0x34680000/142, E_0x34680000/143, E_0x34680000/144, E_0x34680000/145, E_0x34680000/146, E_0x34680000/147, E_0x34680000/148, E_0x34680000/149, E_0x34680000/150, E_0x34680000/151, E_0x34680000/152, E_0x34680000/153, E_0x34680000/154, E_0x34680000/155, E_0x34680000/156, E_0x34680000/157, E_0x34680000/158, E_0x34680000/159, E_0x34680000/160, E_0x34680000/161, E_0x34680000/162, E_0x34680000/163, E_0x34680000/164, E_0x34680000/165, E_0x34680000/166, E_0x34680000/167, E_0x34680000/168, E_0x34680000/169, E_0x34680000/170, E_0x34680000/171, E_0x34680000/172, E_0x34680000/173, E_0x34680000/174, E_0x34680000/175, E_0x34680000/176, E_0x34680000/177, E_0x34680000/178, E_0x34680000/179, E_0x34680000/180, E_0x34680000/181, E_0x34680000/182, E_0x34680000/183, E_0x34680000/184, E_0x34680000/185, E_0x34680000/186, E_0x34680000/187, E_0x34680000/188, E_0x34680000/189, E_0x34680000/190, E_0x34680000/191, E_0x34680000/192, E_0x34680000/193, E_0x34680000/194, E_0x34680000/195, E_0x34680000/196, E_0x34680000/197, E_0x34680000/198, E_0x34680000/199, E_0x34680000/200, E_0x34680000/201, E_0x34680000/202, E_0x34680000/203, E_0x34680000/204, E_0x34680000/205, E_0x34680000/206, E_0x34680000/207, E_0x34680000/208, E_0x34680000/209, E_0x34680000/210, E_0x34680000/211, E_0x34680000/212, E_0x34680000/213, E_0x34680000/214, E_0x34680000/215, E_0x34680000/216, E_0x34680000/217, E_0x34680000/218, E_0x34680000/219, E_0x34680000/220, E_0x34680000/221, E_0x34680000/222, E_0x34680000/223, E_0x34680000/224, E_0x34680000/225, E_0x34680000/226, E_0x34680000/227, E_0x34680000/228, E_0x34680000/229, E_0x34680000/230, E_0x34680000/231, E_0x34680000/232, E_0x34680000/233, E_0x34680000/234, E_0x34680000/235, E_0x34680000/236, E_0x34680000/237, E_0x34680000/238, E_0x34680000/239, E_0x34680000/240, E_0x34680000/241, E_0x34680000/242, E_0x34680000/243, E_0x34680000/244, E_0x34680000/245, E_0x34680000/246, E_0x34680000/247, E_0x34680000/248, E_0x34680000/249, E_0x34680000/250, E_0x34680000/251, E_0x34680000/252, E_0x34680000/253, E_0x34680000/254, E_0x34680000/255, E_0x34680000/256, E_0x34680000/257, E_0x34680000/258, E_0x34680000/259, E_0x34680000/260, E_0x34680000/261, E_0x34680000/262, E_0x34680000/263, E_0x34680000/264, E_0x34680000/265, E_0x34680000/266, E_0x34680000/267, E_0x34680000/268, E_0x34680000/269, E_0x34680000/270, E_0x34680000/271, E_0x34680000/272, E_0x34680000/273, E_0x34680000/274, E_0x34680000/275, E_0x34680000/276, E_0x34680000/277, E_0x34680000/278, E_0x34680000/279, E_0x34680000/280, E_0x34680000/281, E_0x34680000/282, E_0x34680000/283, E_0x34680000/284, E_0x34680000/285, E_0x34680000/286, E_0x34680000/287, E_0x34680000/288, E_0x34680000/289, E_0x34680000/290, E_0x34680000/291, E_0x34680000/292, E_0x34680000/293, E_0x34680000/294, E_0x34680000/295, E_0x34680000/296, E_0x34680000/297, E_0x34680000/298, E_0x34680000/299, E_0x34680000/300, E_0x34680000/301, E_0x34680000/302, E_0x34680000/303, E_0x34680000/304, E_0x34680000/305, E_0x34680000/306, E_0x34680000/307, E_0x34680000/308, E_0x34680000/309, E_0x34680000/310, E_0x34680000/311, E_0x34680000/312, E_0x34680000/313, E_0x34680000/314, E_0x34680000/315, E_0x34680000/316, E_0x34680000/317, E_0x34680000/318, E_0x34680000/319, E_0x34680000/320, E_0x34680000/321, E_0x34680000/322, E_0x34680000/323, E_0x34680000/324, E_0x34680000/325, E_0x34680000/326, E_0x34680000/327, E_0x34680000/328, E_0x34680000/329, E_0x34680000/330, E_0x34680000/331, E_0x34680000/332, E_0x34680000/333, E_0x34680000/334, E_0x34680000/335, E_0x34680000/336, E_0x34680000/337, E_0x34680000/338, E_0x34680000/339, E_0x34680000/340, E_0x34680000/341, E_0x34680000/342, E_0x34680000/343, E_0x34680000/344, E_0x34680000/345, E_0x34680000/346, E_0x34680000/347, E_0x34680000/348, E_0x34680000/349, E_0x34680000/350, E_0x34680000/351, E_0x34680000/352, E_0x34680000/353, E_0x34680000/354, E_0x34680000/355, E_0x34680000/356, E_0x34680000/357, E_0x34680000/358, E_0x34680000/359, E_0x34680000/360, E_0x34680000/361, E_0x34680000/362, E_0x34680000/363, E_0x34680000/364, E_0x34680000/365, E_0x34680000/366, E_0x34680000/367, E_0x34680000/368, E_0x34680000/369, E_0x34680000/370, E_0x34680000/371, E_0x34680000/372, E_0x34680000/373, E_0x34680000/374, E_0x34680000/375, E_0x34680000/376, E_0x34680000/377, E_0x34680000/378, E_0x34680000/379, E_0x34680000/380, E_0x34680000/381, E_0x34680000/382, E_0x34680000/383, E_0x34680000/384, E_0x34680000/385, E_0x34680000/386, E_0x34680000/387, E_0x34680000/388, E_0x34680000/389, E_0x34680000/390, E_0x34680000/391, E_0x34680000/392, E_0x34680000/393, E_0x34680000/394, E_0x34680000/395, E_0x34680000/396, E_0x34680000/397, E_0x34680000/398, E_0x34680000/399, E_0x34680000/400, E_0x34680000/401, E_0x34680000/402, E_0x34680000/403, E_0x34680000/404, E_0x34680000/405, E_0x34680000/406, E_0x34680000/407, E_0x34680000/408, E_0x34680000/409, E_0x34680000/410, E_0x34680000/411, E_0x34680000/412, E_0x34680000/413, E_0x34680000/414, E_0x34680000/415, E_0x34680000/416, E_0x34680000/417, E_0x34680000/418, E_0x34680000/419, E_0x34680000/420, E_0x34680000/421, E_0x34680000/422, E_0x34680000/423, E_0x34680000/424, E_0x34680000/425, E_0x34680000/426, E_0x34680000/427, E_0x34680000/428, E_0x34680000/429, E_0x34680000/430, E_0x34680000/431, E_0x34680000/432, E_0x34680000/433, E_0x34680000/434, E_0x34680000/435, E_0x34680000/436, E_0x34680000/437, E_0x34680000/438, E_0x34680000/439, E_0x34680000/440, E_0x34680000/441, E_0x34680000/442, E_0x34680000/443, E_0x34680000/444, E_0x34680000/445, E_0x34680000/446, E_0x34680000/447, E_0x34680000/448, E_0x34680000/449, E_0x34680000/450, E_0x34680000/451, E_0x34680000/452, E_0x34680000/453, E_0x34680000/454, E_0x34680000/455, E_0x34680000/456, E_0x34680000/457, E_0x34680000/458, E_0x34680000/459, E_0x34680000/460, E_0x34680000/461, E_0x34680000/462, E_0x34680000/463, E_0x34680000/464, E_0x34680000/465, E_0x34680000/466, E_0x34680000/467, E_0x34680000/468, E_0x34680000/469, E_0x34680000/470, E_0x34680000/471, E_0x34680000/472, E_0x34680000/473, E_0x34680000/474, E_0x34680000/475, E_0x34680000/476, E_0x34680000/477, E_0x34680000/478, E_0x34680000/479, E_0x34680000/480, E_0x34680000/481, E_0x34680000/482, E_0x34680000/483, E_0x34680000/484, E_0x34680000/485, E_0x34680000/486, E_0x34680000/487, E_0x34680000/488, E_0x34680000/489, E_0x34680000/490, E_0x34680000/491, E_0x34680000/492, E_0x34680000/493, E_0x34680000/494, E_0x34680000/495, E_0x34680000/496, E_0x34680000/497, E_0x34680000/498, E_0x34680000/499, E_0x34680000/500, E_0x34680000/501, E_0x34680000/502, E_0x34680000/503, E_0x34680000/504, E_0x34680000/505, E_0x34680000/506, E_0x34680000/507, E_0x34680000/508, E_0x34680000/509, E_0x34680000/510, E_0x34680000/511, E_0x34680000/512, E_0x34680000/513, E_0x34680000/514, E_0x34680000/515, E_0x34680000/516, E_0x34680000/517, E_0x34680000/518, E_0x34680000/519, E_0x34680000/520, E_0x34680000/521, E_0x34680000/522, E_0x34680000/523, E_0x34680000/524, E_0x34680000/525, E_0x34680000/526, E_0x34680000/527, E_0x34680000/528, E_0x34680000/529, E_0x34680000/530, E_0x34680000/531, E_0x34680000/532, E_0x34680000/533, E_0x34680000/534, E_0x34680000/535, E_0x34680000/536, E_0x34680000/537, E_0x34680000/538, E_0x34680000/539, E_0x34680000/540, E_0x34680000/541, E_0x34680000/542, E_0x34680000/543, E_0x34680000/544, E_0x34680000/545, E_0x34680000/546, E_0x34680000/547, E_0x34680000/548, E_0x34680000/549, E_0x34680000/550, E_0x34680000/551, E_0x34680000/552, E_0x34680000/553, E_0x34680000/554, E_0x34680000/555, E_0x34680000/556, E_0x34680000/557, E_0x34680000/558, E_0x34680000/559, E_0x34680000/560, E_0x34680000/561, E_0x34680000/562, E_0x34680000/563, E_0x34680000/564, E_0x34680000/565, E_0x34680000/566, E_0x34680000/567, E_0x34680000/568, E_0x34680000/569, E_0x34680000/570, E_0x34680000/571, E_0x34680000/572, E_0x34680000/573, E_0x34680000/574, E_0x34680000/575, E_0x34680000/576, E_0x34680000/577;
E_0x3467d790 .event posedge, v0x3472f350_0, v0x34721450_0;
E_0x3469fd30 .event anyedge, v0x347216d0_0, v0x3472c220_0;
L_0x3473a500 .part v0x34739990_0, 12, 20;
L_0x3473a5d0 .part v0x34739990_0, 4, 8;
L_0x3473a670 .part v0x34739990_0, 0, 4;
L_0x3473a7d0 .array/port v0x347395c0, L_0x3473a900;
L_0x3473a900 .concat [ 8 2 0 0], L_0x3473a5d0, L_0x7fb2a07db018;
L_0x3473a9f0 .array/port v0x3472f4f0, L_0x3473aa90;
L_0x3473aa90 .concat [ 8 2 0 0], L_0x3473a5d0, L_0x7fb2a07db060;
L_0x3473abd0 .cmp/eq 20, L_0x3473a9f0, L_0x3473a500;
L_0x3473ae70 .array/port v0x347395c0, L_0x3473b1f0;
L_0x3473af10 .concat [ 8 2 0 0], L_0x3473a5d0, L_0x7fb2a07db0a8;
L_0x3473b0d0 .concat [ 10 1 0 0], L_0x3473af10, L_0x7fb2a07db0f0;
L_0x3473b1f0 .arith/sum 11, L_0x7fb2a07db8d0, L_0x3473b0d0;
L_0x3473b3d0 .array/port v0x3472f4f0, L_0x3473b770;
L_0x3473b470 .concat [ 8 2 0 0], L_0x3473a5d0, L_0x7fb2a07db138;
L_0x3473b630 .concat [ 10 1 0 0], L_0x3473b470, L_0x7fb2a07db180;
L_0x3473b770 .arith/sum 11, L_0x7fb2a07db918, L_0x3473b630;
L_0x3473b970 .cmp/eq 20, L_0x3473b3d0, L_0x3473a500;
L_0x3473bb00 .array/port v0x347395c0, L_0x3473bba0;
L_0x3473bc40 .concat [ 8 2 0 0], L_0x3473a5d0, L_0x7fb2a07db1c8;
L_0x3473bd30 .concat [ 10 2 0 0], L_0x3473bc40, L_0x7fb2a07db210;
L_0x3473bba0 .arith/sum 12, L_0x7fb2a07db960, L_0x3473bd30;
L_0x3473bfe0 .array/port v0x3472f4f0, L_0x3473c3c0;
L_0x3473be20 .concat [ 8 2 0 0], L_0x3473a5d0, L_0x7fb2a07db258;
L_0x3473c250 .concat [ 10 2 0 0], L_0x3473be20, L_0x7fb2a07db2a0;
L_0x3473c3c0 .arith/sum 12, L_0x7fb2a07db9a8, L_0x3473c250;
L_0x3473c560 .cmp/eq 20, L_0x3473bfe0, L_0x3473a500;
L_0x3473c2f0 .array/port v0x347395c0, L_0x3474ec00;
L_0x3473c7c0 .concat [ 8 2 0 0], L_0x3473a5d0, L_0x7fb2a07db2e8;
L_0x3473c6e0 .concat [ 10 2 0 0], L_0x3473c7c0, L_0x7fb2a07db330;
L_0x3474ec00 .arith/sum 12, L_0x7fb2a07db9f0, L_0x3473c6e0;
L_0x3474edb0 .array/port v0x3472f4f0, L_0x3474f0a0;
L_0x3474ee50 .concat [ 8 2 0 0], L_0x3473a5d0, L_0x7fb2a07db378;
L_0x3473c9c0 .concat [ 10 2 0 0], L_0x3474ee50, L_0x7fb2a07db3c0;
L_0x3474f0a0 .arith/sum 12, L_0x7fb2a07dba38, L_0x3473c9c0;
L_0x3474eef0 .cmp/eq 20, L_0x3474edb0, L_0x3473a500;
L_0x3474f810 .functor MUXZ 3, L_0x7fb2a07db4e0, L_0x7fb2a07db498, L_0x3473bed0, C4<>;
L_0x3474f260 .functor MUXZ 3, L_0x3474f810, L_0x7fb2a07db450, L_0x3473b2c0, C4<>;
L_0x3474fa80 .functor MUXZ 3, L_0x3474f260, L_0x7fb2a07db408, L_0x3473ad60, C4<>;
L_0x3474fc60 .part L_0x3474fa80, 0, 2;
L_0x3474fd00 .array/port v0x34721c90, L_0x347601f0;
L_0x3474fb20 .concat [ 2 11 0 0], L_0x3474fc60, L_0x7fb2a07db528;
L_0x3475ff00 .concat [ 13 8 0 0], L_0x3474fb20, L_0x7fb2a07db570;
L_0x3474fda0 .arith/mult 21, L_0x3475ff00, L_0x7fb2a07db5b8;
L_0x34760100 .concat [ 8 2 0 0], L_0x3473a5d0, L_0x7fb2a07db600;
L_0x3475ffa0 .concat [ 21 1 0 0], L_0x3474fda0, L_0x7fb2a07db648;
L_0x34760310 .concat [ 10 12 0 0], L_0x34760100, L_0x7fb2a07db690;
L_0x347601f0 .arith/sum 22, L_0x3475ffa0, L_0x34760310;
L_0x34760780 .array/port v0x3472bdc0, L_0x34760f30;
L_0x34760400 .array/port v0x3472ca80, L_0x347604a0;
L_0x347604a0 .concat [ 8 2 0 0], L_0x3473a5d0, L_0x7fb2a07db6d8;
L_0x34760870 .concat [ 2 11 0 0], L_0x34760400, L_0x7fb2a07db720;
L_0x34760ba0 .concat [ 13 8 0 0], L_0x34760870, L_0x7fb2a07db768;
L_0x34760a50 .arith/mult 21, L_0x34760ba0, L_0x7fb2a07db7b0;
L_0x34760e40 .concat [ 8 2 0 0], L_0x3473a5d0, L_0x7fb2a07db7f8;
L_0x34760ce0 .concat [ 21 1 0 0], L_0x34760a50, L_0x7fb2a07db840;
L_0x347610a0 .concat [ 10 12 0 0], L_0x34760e40, L_0x7fb2a07db888;
L_0x34760f30 .arith/sum 22, L_0x34760ce0, L_0x347610a0;
    .scope S_0x3467b820;
T_0 ;
    %wait E_0x3469fd30;
    %load/vec4 v0x347216d0_0;
    %parti/s 2, 2, 3;
    %dup/vec4;
    %pushi/vec4 0, 0, 2;
    %cmp/u;
    %jmp/1 T_0.0, 6;
    %dup/vec4;
    %pushi/vec4 1, 0, 2;
    %cmp/u;
    %jmp/1 T_0.1, 6;
    %dup/vec4;
    %pushi/vec4 2, 0, 2;
    %cmp/u;
    %jmp/1 T_0.2, 6;
    %dup/vec4;
    %pushi/vec4 3, 0, 2;
    %cmp/u;
    %jmp/1 T_0.3, 6;
    %jmp T_0.4;
T_0.0 ;
    %load/vec4 v0x3472c220_0;
    %parti/s 32, 0, 2;
    %store/vec4 v0x347217b0_0, 0, 32;
    %jmp T_0.4;
T_0.1 ;
    %load/vec4 v0x3472c220_0;
    %parti/s 32, 32, 7;
    %store/vec4 v0x347217b0_0, 0, 32;
    %jmp T_0.4;
T_0.2 ;
    %load/vec4 v0x3472c220_0;
    %parti/s 32, 64, 8;
    %store/vec4 v0x347217b0_0, 0, 32;
    %jmp T_0.4;
T_0.3 ;
    %load/vec4 v0x3472c220_0;
    %parti/s 32, 96, 8;
    %store/vec4 v0x347217b0_0, 0, 32;
    %jmp T_0.4;
T_0.4 ;
    %pop/vec4 1;
    %jmp T_0;
    .thread T_0, $push;
    .scope S_0x3467b820;
T_1 ;
    %wait E_0x3467d790;
    %load/vec4 v0x3472f350_0;
    %flag_set/vec4 8;
    %jmp/0xz  T_1.0, 8;
    %pushi/vec4 0, 0, 2;
    %store/vec4 v0x3472f410_0, 0, 2;
    %pushi/vec4 0, 0, 32;
    %store/vec4 v0x3472c3e0_0, 0, 32;
T_1.2 ;
    %load/vec4 v0x3472c3e0_0;
    %cmpi/s 256, 0, 32;
    %jmp/0xz T_1.3, 5;
    %pushi/vec4 0, 0, 1;
    %ix/getv/s 3, v0x3472c3e0_0;
    %ix/load 4, 0, 0; Constant delay
    %assign/vec4/a/d v0x347395c0, 0, 4;
    %pushi/vec4 0, 0, 1;
    %pushi/vec4 256, 0, 10;
    %pad/s 11;
    %load/vec4 v0x3472c3e0_0;
    %pad/s 11;
    %add;
    %ix/vec4/s 3;
    %ix/load 4, 0, 0; Constant delay
    %assign/vec4/a/d v0x347395c0, 0, 4;
    %pushi/vec4 0, 0, 1;
    %pushi/vec4 512, 0, 11;
    %pad/s 12;
    %load/vec4 v0x3472c3e0_0;
    %pad/s 12;
    %add;
    %ix/vec4/s 3;
    %ix/load 4, 0, 0; Constant delay
    %assign/vec4/a/d v0x347395c0, 0, 4;
    %pushi/vec4 0, 0, 1;
    %pushi/vec4 768, 0, 11;
    %pad/s 12;
    %load/vec4 v0x3472c3e0_0;
    %pad/s 12;
    %add;
    %ix/vec4/s 3;
    %ix/load 4, 0, 0; Constant delay
    %assign/vec4/a/d v0x347395c0, 0, 4;
    %pushi/vec4 0, 0, 1;
    %ix/getv/s 3, v0x3472c3e0_0;
    %ix/load 4, 0, 0; Constant delay
    %assign/vec4/a/d v0x3472bdc0, 0, 4;
    %pushi/vec4 0, 0, 1;
    %pushi/vec4 256, 0, 10;
    %pad/s 11;
    %load/vec4 v0x3472c3e0_0;
    %pad/s 11;
    %add;
    %ix/vec4/s 3;
    %ix/load 4, 0, 0; Constant delay
    %assign/vec4/a/d v0x3472bdc0, 0, 4;
    %pushi/vec4 0, 0, 1;
    %pushi/vec4 512, 0, 11;
    %pad/s 12;
    %load/vec4 v0x3472c3e0_0;
    %pad/s 12;
    %add;
    %ix/vec4/s 3;
    %ix/load 4, 0, 0; Constant delay
    %assign/vec4/a/d v0x3472bdc0, 0, 4;
    %pushi/vec4 0, 0, 1;
    %pushi/vec4 768, 0, 11;
    %pad/s 12;
    %load/vec4 v0x3472c3e0_0;
    %pad/s 12;
    %add;
    %ix/vec4/s 3;
    %ix/load 4, 0, 0; Constant delay
    %assign/vec4/a/d v0x3472bdc0, 0, 4;
    %pushi/vec4 0, 0, 2;
    %ix/getv/s 3, v0x3472c3e0_0;
    %ix/load 4, 0, 0; Constant delay
    %assign/vec4/a/d v0x3472ca80, 0, 4;
    ; show_stmt_assign_vector: Get l-value for compressed += operand
    %load/vec4 v0x3472c3e0_0;
    %pushi/vec4 1, 0, 32;
    %add;
    %store/vec4 v0x3472c3e0_0, 0, 32;
    %jmp T_1.2;
T_1.3 ;
    %jmp T_1.1;
T_1.0 ;
    %load/vec4 v0x3472c9a0_0;
    %assign/vec4 v0x3472f410_0, 0;
    %load/vec4 v0x3472f410_0;
    %cmpi/e 1, 0, 2;
    %flag_get/vec4 4;
    %jmp/0 T_1.7, 4;
    %load/vec4 v0x3472be60_0;
    %and;
T_1.7;
    %flag_set/vec4 9;
    %flag_get/vec4 9;
    %jmp/0 T_1.6, 9;
    %load/vec4 v0x34721a10_0;
    %pushi/vec4 1, 0, 1;
    %cmp/e;
    %flag_get/vec4 4;
    %and;
T_1.6;
    %flag_set/vec4 8;
    %jmp/0xz  T_1.4, 8;
    %pushi/vec4 1, 0, 1;
    %load/vec4 v0x3472c300_0;
    %pad/u 13;
    %pad/u 21;
    %muli 256, 0, 21;
    %pad/u 22;
    %load/vec4 v0x347215f0_0;
    %pad/u 10;
    %pad/u 22;
    %add;
    %ix/vec4 3;
    %ix/load 4, 0, 0; Constant delay
    %assign/vec4/a/d v0x3472bdc0, 0, 4;
    %load/vec4 v0x347216d0_0;
    %parti/s 2, 2, 3;
    %dup/vec4;
    %pushi/vec4 0, 0, 2;
    %cmp/u;
    %jmp/1 T_1.8, 6;
    %dup/vec4;
    %pushi/vec4 1, 0, 2;
    %cmp/u;
    %jmp/1 T_1.9, 6;
    %dup/vec4;
    %pushi/vec4 2, 0, 2;
    %cmp/u;
    %jmp/1 T_1.10, 6;
    %dup/vec4;
    %pushi/vec4 3, 0, 2;
    %cmp/u;
    %jmp/1 T_1.11, 6;
    %jmp T_1.12;
T_1.8 ;
    %load/vec4 v0x34721bb0_0;
    %load/vec4 v0x3472c300_0;
    %pad/u 13;
    %pad/u 21;
    %muli 256, 0, 21;
    %pad/u 22;
    %load/vec4 v0x347215f0_0;
    %pad/u 10;
    %pad/u 22;
    %add;
    %ix/vec4 3;
    %ix/load 4, 0, 0; Constant delay
    %assign/vec4/a/d v0x34721c90, 0, 4;
    %jmp T_1.12;
T_1.9 ;
    %load/vec4 v0x34721bb0_0;
    %load/vec4 v0x3472c300_0;
    %pad/u 13;
    %pad/u 21;
    %muli 256, 0, 21;
    %pad/u 22;
    %load/vec4 v0x347215f0_0;
    %pad/u 10;
    %pad/u 22;
    %add;
    %ix/vec4 3;
    %ix/load 4, 32, 0; part off
    %ix/load 5, 0, 0; Constant delay
    %assign/vec4/a/d v0x34721c90, 4, 5;
    %jmp T_1.12;
T_1.10 ;
    %load/vec4 v0x34721bb0_0;
    %load/vec4 v0x3472c300_0;
    %pad/u 13;
    %pad/u 21;
    %muli 256, 0, 21;
    %pad/u 22;
    %load/vec4 v0x347215f0_0;
    %pad/u 10;
    %pad/u 22;
    %add;
    %ix/vec4 3;
    %ix/load 4, 64, 0; part off
    %ix/load 5, 0, 0; Constant delay
    %assign/vec4/a/d v0x34721c90, 4, 5;
    %jmp T_1.12;
T_1.11 ;
    %load/vec4 v0x34721bb0_0;
    %load/vec4 v0x3472c300_0;
    %pad/u 13;
    %pad/u 21;
    %muli 256, 0, 21;
    %pad/u 22;
    %load/vec4 v0x347215f0_0;
    %pad/u 10;
    %pad/u 22;
    %add;
    %ix/vec4 3;
    %ix/load 4, 96, 0; part off
    %ix/load 5, 0, 0; Constant delay
    %assign/vec4/a/d v0x34721c90, 4, 5;
    %jmp T_1.12;
T_1.12 ;
    %pop/vec4 1;
T_1.4 ;
    %load/vec4 v0x3472f410_0;
    %cmpi/e 2, 0, 2;
    %flag_get/vec4 4;
    %jmp/0 T_1.15, 4;
    %load/vec4 v0x3472c680_0;
    %and;
T_1.15;
    %flag_set/vec4 8;
    %jmp/0xz  T_1.13, 8;
    %load/vec4 v0x3472c5a0_0;
    %load/vec4 v0x347215f0_0;
    %pad/u 10;
    %ix/vec4 4;
    %load/vec4a v0x3472ca80, 4;
    %pad/u 13;
    %pad/u 21;
    %muli 256, 0, 21;
    %pad/u 22;
    %load/vec4 v0x347215f0_0;
    %pad/u 10;
    %pad/u 22;
    %add;
    %ix/vec4 3;
    %ix/load 4, 0, 0; Constant delay
    %assign/vec4/a/d v0x34721c90, 0, 4;
    %load/vec4 v0x34721ad0_0;
    %load/vec4 v0x347215f0_0;
    %pad/u 10;
    %ix/vec4 4;
    %load/vec4a v0x3472ca80, 4;
    %pad/u 13;
    %pad/u 21;
    %muli 256, 0, 21;
    %pad/u 22;
    %load/vec4 v0x347215f0_0;
    %pad/u 10;
    %pad/u 22;
    %add;
    %ix/vec4 3;
    %ix/load 4, 0, 0; Constant delay
    %assign/vec4/a/d v0x3472f4f0, 0, 4;
    %pushi/vec4 1, 0, 1;
    %load/vec4 v0x347215f0_0;
    %pad/u 10;
    %ix/vec4 4;
    %load/vec4a v0x3472ca80, 4;
    %pad/u 13;
    %pad/u 21;
    %muli 256, 0, 21;
    %pad/u 22;
    %load/vec4 v0x347215f0_0;
    %pad/u 10;
    %pad/u 22;
    %add;
    %ix/vec4 3;
    %ix/load 4, 0, 0; Constant delay
    %assign/vec4/a/d v0x347395c0, 0, 4;
    %pushi/vec4 0, 0, 1;
    %load/vec4 v0x347215f0_0;
    %pad/u 10;
    %ix/vec4 4;
    %load/vec4a v0x3472ca80, 4;
    %pad/u 13;
    %pad/u 21;
    %muli 256, 0, 21;
    %pad/u 22;
    %load/vec4 v0x347215f0_0;
    %pad/u 10;
    %pad/u 22;
    %add;
    %ix/vec4 3;
    %ix/load 4, 0, 0; Constant delay
    %assign/vec4/a/d v0x3472bdc0, 0, 4;
    %load/vec4 v0x347215f0_0;
    %pad/u 10;
    %ix/vec4 4;
    %load/vec4a v0x3472ca80, 4;
    %addi 1, 0, 2;
    %load/vec4 v0x347215f0_0;
    %pad/u 10;
    %ix/vec4 3;
    %ix/load 4, 0, 0; Constant delay
    %assign/vec4/a/d v0x3472ca80, 0, 4;
T_1.13 ;
T_1.1 ;
    %jmp T_1;
    .thread T_1;
    .scope S_0x3467b820;
T_2 ;
    %wait E_0x34680000;
    %load/vec4 v0x3472f410_0;
    %store/vec4 v0x3472c9a0_0, 0, 2;
    %pushi/vec4 0, 0, 1;
    %store/vec4 v0x3472c740_0, 0, 1;
    %pushi/vec4 0, 0, 1;
    %store/vec4 v0x3472c800_0, 0, 1;
    %pushi/vec4 0, 0, 1;
    %store/vec4 v0x34721890_0, 0, 1;
    %pushi/vec4 0, 0, 32;
    %store/vec4 v0x3472c4c0_0, 0, 32;
    %pushi/vec4 0, 0, 128;
    %store/vec4 v0x3472c8c0_0, 0, 128;
    %load/vec4 v0x3472f410_0;
    %dup/vec4;
    %pushi/vec4 0, 0, 2;
    %cmp/u;
    %jmp/1 T_2.0, 6;
    %dup/vec4;
    %pushi/vec4 1, 0, 2;
    %cmp/u;
    %jmp/1 T_2.1, 6;
    %dup/vec4;
    %pushi/vec4 3, 0, 2;
    %cmp/u;
    %jmp/1 T_2.2, 6;
    %dup/vec4;
    %pushi/vec4 2, 0, 2;
    %cmp/u;
    %jmp/1 T_2.3, 6;
    %jmp T_2.4;
T_2.0 ;
    %load/vec4 v0x34721950_0;
    %flag_set/vec4 8;
    %jmp/0xz  T_2.5, 8;
    %pushi/vec4 1, 0, 2;
    %store/vec4 v0x3472c9a0_0, 0, 2;
T_2.5 ;
    %jmp T_2.4;
T_2.1 ;
    %load/vec4 v0x3472be60_0;
    %flag_set/vec4 8;
    %jmp/0xz  T_2.7, 8;
    %pushi/vec4 1, 0, 1;
    %store/vec4 v0x34721890_0, 0, 1;
    %pushi/vec4 0, 0, 2;
    %store/vec4 v0x3472c9a0_0, 0, 2;
    %jmp T_2.8;
T_2.7 ;
    %load/vec4 v0x3472bd00_0;
    %flag_set/vec4 8;
    %jmp/0xz  T_2.9, 8;
    %pushi/vec4 3, 0, 2;
    %store/vec4 v0x3472c9a0_0, 0, 2;
    %jmp T_2.10;
T_2.9 ;
    %pushi/vec4 2, 0, 2;
    %store/vec4 v0x3472c9a0_0, 0, 2;
T_2.10 ;
T_2.8 ;
    %jmp T_2.4;
T_2.2 ;
    %pushi/vec4 1, 0, 1;
    %store/vec4 v0x3472c740_0, 0, 1;
    %pushi/vec4 1, 0, 1;
    %store/vec4 v0x3472c800_0, 0, 1;
    %load/vec4 v0x347215f0_0;
    %pad/u 10;
    %ix/vec4 5;
    %load/vec4a v0x3472ca80, 5;
    %pad/u 13;
    %pad/u 21;
    %muli 256, 0, 21;
    %pad/u 22;
    %load/vec4 v0x347215f0_0;
    %pad/u 10;
    %pad/u 22;
    %add;
    %ix/vec4 4;
    %load/vec4a v0x34721c90, 4;
    %store/vec4 v0x3472c8c0_0, 0, 128;
    %load/vec4 v0x347215f0_0;
    %pad/u 10;
    %ix/vec4 5;
    %load/vec4a v0x3472ca80, 5;
    %pad/u 13;
    %pad/u 21;
    %muli 256, 0, 21;
    %pad/u 22;
    %load/vec4 v0x347215f0_0;
    %pad/u 10;
    %pad/u 22;
    %add;
    %ix/vec4 4;
    %load/vec4a v0x3472f4f0, 4;
    %load/vec4 v0x347215f0_0;
    %concat/vec4; draw_concat_vec4
    %concati/vec4 0, 0, 4;
    %store/vec4 v0x3472c4c0_0, 0, 32;
    %load/vec4 v0x3472c680_0;
    %flag_set/vec4 8;
    %jmp/0xz  T_2.11, 8;
    %pushi/vec4 2, 0, 2;
    %store/vec4 v0x3472c9a0_0, 0, 2;
T_2.11 ;
    %jmp T_2.4;
T_2.3 ;
    %pushi/vec4 1, 0, 1;
    %store/vec4 v0x3472c740_0, 0, 1;
    %pushi/vec4 0, 0, 1;
    %store/vec4 v0x3472c800_0, 0, 1;
    %load/vec4 v0x347215f0_0;
    %pad/u 10;
    %ix/vec4 5;
    %load/vec4a v0x3472ca80, 5;
    %pad/u 13;
    %pad/u 21;
    %muli 256, 0, 21;
    %pad/u 22;
    %load/vec4 v0x347215f0_0;
    %pad/u 10;
    %pad/u 22;
    %add;
    %ix/vec4 4;
    %load/vec4a v0x3472f4f0, 4;
    %load/vec4 v0x347215f0_0;
    %concat/vec4; draw_concat_vec4
    %concati/vec4 0, 0, 4;
    %store/vec4 v0x3472c4c0_0, 0, 32;
    %load/vec4 v0x3472c680_0;
    %flag_set/vec4 8;
    %jmp/0xz  T_2.13, 8;
    %pushi/vec4 1, 0, 2;
    %store/vec4 v0x3472c9a0_0, 0, 2;
T_2.13 ;
    %jmp T_2.4;
T_2.4 ;
    %pop/vec4 1;
    %jmp T_2;
    .thread T_2, $push;
    .scope S_0x34683790;
T_3 ;
    %pushi/vec4 0, 0, 1;
    %store/vec4 v0x347398a0_0, 0, 1;
    %end;
    .thread T_3;
    .scope S_0x34683790;
T_4 ;
    %delay 5000, 0;
    %load/vec4 v0x347398a0_0;
    %inv;
    %store/vec4 v0x347398a0_0, 0, 1;
    %jmp T_4;
    .thread T_4;
    .scope S_0x34683790;
T_5 ;
    %wait E_0x34652220;
    %load/vec4 v0x3473a430_0;
    %flag_set/vec4 8;
    %jmp/0xz  T_5.0, 8;
    %pushi/vec4 0, 0, 1;
    %assign/vec4 v0x3473a0f0_0, 0;
    %pushi/vec4 0, 0, 128;
    %assign/vec4 v0x34739f90_0, 0;
    %jmp T_5.1;
T_5.0 ;
    %load/vec4 v0x3473a1c0_0;
    %flag_set/vec4 9;
    %flag_get/vec4 9;
    %jmp/0 T_5.4, 9;
    %load/vec4 v0x3473a0f0_0;
    %nor/r;
    %and;
T_5.4;
    %flag_set/vec4 8;
    %jmp/0xz  T_5.2, 8;
    %pushi/vec4 3, 0, 32;
T_5.5 %dup/vec4;
    %pushi/vec4 0, 0, 32;
    %cmp/s;
    %jmp/1xz T_5.6, 5;
    %jmp/1 T_5.6, 4;
    %pushi/vec4 1, 0, 32;
    %sub;
    %wait E_0x34652220;
    %jmp T_5.5;
T_5.6 ;
    %pop/vec4 1;
    %pushi/vec4 1, 0, 1;
    %assign/vec4 v0x3473a0f0_0, 0;
    %load/vec4 v0x3473a290_0;
    %nor/r;
    %flag_set/vec4 8;
    %jmp/0xz  T_5.7, 8;
    %pushi/vec4 2290649224, 0, 33;
    %concati/vec4 3435973836, 0, 33;
    %concati/vec4 2290649224, 0, 32;
    %concati/vec4 286331153, 0, 30;
    %assign/vec4 v0x34739f90_0, 0;
T_5.7 ;
    %jmp T_5.3;
T_5.2 ;
    %pushi/vec4 0, 0, 1;
    %assign/vec4 v0x3473a0f0_0, 0;
T_5.3 ;
T_5.1 ;
    %jmp T_5;
    .thread T_5;
    .scope S_0x34683790;
T_6 ;
    %vpi_call/w 3 66 "$dumpfile", "dump.vcd" {0 0 0};
    %vpi_call/w 3 67 "$dumpvars", 32'sb00000000000000000000000000000000, S_0x34683790 {0 0 0};
    %pushi/vec4 1, 0, 1;
    %store/vec4 v0x3473a430_0, 0, 1;
    %pushi/vec4 0, 0, 1;
    %store/vec4 v0x34739c30_0, 0, 1;
    %pushi/vec4 0, 0, 1;
    %store/vec4 v0x34739d20_0, 0, 1;
    %pushi/vec4 0, 0, 32;
    %store/vec4 v0x34739990_0, 0, 32;
    %pushi/vec4 0, 0, 32;
    %store/vec4 v0x34739df0_0, 0, 32;
    %pushi/vec4 2, 0, 32;
T_6.0 %dup/vec4;
    %pushi/vec4 0, 0, 32;
    %cmp/s;
    %jmp/1xz T_6.1, 5;
    %jmp/1 T_6.1, 4;
    %pushi/vec4 1, 0, 32;
    %sub;
    %wait E_0x34652220;
    %jmp T_6.0;
T_6.1 ;
    %pop/vec4 1;
    %pushi/vec4 0, 0, 1;
    %store/vec4 v0x3473a430_0, 0, 1;
    %pushi/vec4 2, 0, 32;
T_6.2 %dup/vec4;
    %pushi/vec4 0, 0, 32;
    %cmp/s;
    %jmp/1xz T_6.3, 5;
    %jmp/1 T_6.3, 4;
    %pushi/vec4 1, 0, 32;
    %sub;
    %wait E_0x34652220;
    %jmp T_6.2;
T_6.3 ;
    %pop/vec4 1;
    %vpi_call/w 3 83 "$display", "[%0t] TEST 1: CPU Read Miss", $time {0 0 0};
    %wait E_0x34652220;
    %pushi/vec4 1, 0, 1;
    %store/vec4 v0x34739c30_0, 0, 1;
    %pushi/vec4 0, 0, 1;
    %store/vec4 v0x34739d20_0, 0, 1;
    %pushi/vec4 268435456, 0, 32;
    %store/vec4 v0x34739990_0, 0, 32;
T_6.4 ;
    %load/vec4 v0x34739b60_0;
    %pad/u 32;
    %pushi/vec4 1, 0, 32;
    %cmp/e;
    %flag_get/vec4 4;
    %cmpi/ne 1, 0, 1;
    %jmp/0xz T_6.5, 6;
    %wait E_0x34684a20;
    %jmp T_6.4;
T_6.5 ;
    %wait E_0x34652220;
    %vpi_call/w 3 92 "$display", "[%0t] TEST 1 COMPLETE: Cache returned data: %h", $time, v0x34739a60_0 {0 0 0};
    %pushi/vec4 0, 0, 1;
    %store/vec4 v0x34739c30_0, 0, 1;
    %pushi/vec4 2, 0, 32;
T_6.6 %dup/vec4;
    %pushi/vec4 0, 0, 32;
    %cmp/s;
    %jmp/1xz T_6.7, 5;
    %jmp/1 T_6.7, 4;
    %pushi/vec4 1, 0, 32;
    %sub;
    %wait E_0x34652220;
    %jmp T_6.6;
T_6.7 ;
    %pop/vec4 1;
    %vpi_call/w 3 98 "$display", "[%0t] TEST 2: CPU Read Hit", $time {0 0 0};
    %wait E_0x34652220;
    %pushi/vec4 1, 0, 1;
    %store/vec4 v0x34739c30_0, 0, 1;
    %pushi/vec4 0, 0, 1;
    %store/vec4 v0x34739d20_0, 0, 1;
    %pushi/vec4 268435456, 0, 32;
    %store/vec4 v0x34739990_0, 0, 32;
T_6.8 ;
    %load/vec4 v0x34739b60_0;
    %pad/u 32;
    %pushi/vec4 1, 0, 32;
    %cmp/e;
    %flag_get/vec4 4;
    %cmpi/ne 1, 0, 1;
    %jmp/0xz T_6.9, 6;
    %wait E_0x34684a20;
    %jmp T_6.8;
T_6.9 ;
    %wait E_0x34652220;
    %vpi_call/w 3 106 "$display", "[%0t] TEST 2 COMPLETE: Cache returned data: %h", $time, v0x34739a60_0 {0 0 0};
    %pushi/vec4 0, 0, 1;
    %store/vec4 v0x34739c30_0, 0, 1;
    %pushi/vec4 2, 0, 32;
T_6.10 %dup/vec4;
    %pushi/vec4 0, 0, 32;
    %cmp/s;
    %jmp/1xz T_6.11, 5;
    %jmp/1 T_6.11, 4;
    %pushi/vec4 1, 0, 32;
    %sub;
    %wait E_0x34652220;
    %jmp T_6.10;
T_6.11 ;
    %pop/vec4 1;
    %vpi_call/w 3 111 "$display", "[%0t] TEST 3: CPU Write Hit", $time {0 0 0};
    %wait E_0x34652220;
    %pushi/vec4 1, 0, 1;
    %store/vec4 v0x34739c30_0, 0, 1;
    %pushi/vec4 1, 0, 1;
    %store/vec4 v0x34739d20_0, 0, 1;
    %pushi/vec4 268435460, 0, 32;
    %store/vec4 v0x34739990_0, 0, 32;
    %pushi/vec4 3735928559, 0, 32;
    %store/vec4 v0x34739df0_0, 0, 32;
T_6.12 ;
    %load/vec4 v0x34739b60_0;
    %pad/u 32;
    %pushi/vec4 1, 0, 32;
    %cmp/e;
    %flag_get/vec4 4;
    %cmpi/ne 1, 0, 1;
    %jmp/0xz T_6.13, 6;
    %wait E_0x34684a20;
    %jmp T_6.12;
T_6.13 ;
    %wait E_0x34652220;
    %vpi_call/w 3 120 "$display", "[%0t] TEST 3 COMPLETE: Wrote %h to cache", $time, v0x34739df0_0 {0 0 0};
    %pushi/vec4 0, 0, 1;
    %store/vec4 v0x34739c30_0, 0, 1;
    %pushi/vec4 5, 0, 32;
T_6.14 %dup/vec4;
    %pushi/vec4 0, 0, 32;
    %cmp/s;
    %jmp/1xz T_6.15, 5;
    %jmp/1 T_6.15, 4;
    %pushi/vec4 1, 0, 32;
    %sub;
    %wait E_0x34652220;
    %jmp T_6.14;
T_6.15 ;
    %pop/vec4 1;
    %vpi_call/w 3 125 "$display", "[%0t] Simulation Finished.", $time {0 0 0};
    %vpi_call/w 3 126 "$finish" {0 0 0};
    %end;
    .thread T_6;
# The file index is used to find the file name in the following table.
:file_names 5;
    "N/A";
    "<interactive>";
    "-";
    "testbench.sv";
    "design.sv";
